fecha,icolcap_real
2009-02-09,30.9
2009-02-10,30.0
2009-02-11,30.0
2009-02-12,30.0
2009-02-13,30.48
2009-02-17,29.34
2009-02-18,29.4
2009-02-19,29.64
2009-02-20,28.2
2009-02-23,28.0
2009-02-26,28.26
2009-02-27,28.26
2009-03-02,28.26
2009-03-03,28.26
2009-03-04,28.68
2009-03-05,28.68
2009-03-06,28.68
2009-03-09,28.68
2009-03-10,29.36
2009-03-11,29.36
2009-03-12,29.36
2009-03-13,30.14
2009-03-16,30.86
2009-03-17,31.56
2009-03-18,31.54
2009-03-19,32.26
2009-03-20,32.42
2009-03-24,32.4
2009-03-25,32.26
2009-03-26,31.98
2009-03-27,30.8
2009-03-30,30.059999
2009-03-31,30.2
2009-04-01,30.4
2009-04-02,31.42
2009-04-03,31.6
2009-04-06,31.56
2009-04-07,32.0
2009-04-08,32.54
2009-04-13,32.52
2009-04-14,32.52
2009-04-15,32.74
2009-04-16,33.099998
2009-04-17,32.7
2009-04-20,32.64
2009-04-21,32.68
2009-04-22,32.42
2009-04-23,34.02
2009-04-24,34.0
2009-04-27,34.54
2009-04-28,34.3
2009-04-29,34.9
2009-04-30,35.88
2009-05-04,36.099998
2009-05-05,36.84
2009-05-06,37.32
2009-05-07,38.0
2009-05-08,39.0
2009-05-11,38.2
2009-05-12,39.099998
2009-05-13,38.02
2009-05-14,38.28
2009-05-15,38.86
2009-05-18,38.6
2009-05-19,39.34
2009-05-20,40.96
2009-05-21,40.22
2009-05-22,40.0
2009-05-26,40.58
2009-05-27,40.0
2009-05-28,41.0
2009-05-29,41.82
2009-06-01,42.8
2009-06-02,44.099998
2009-06-05,44.72
2009-06-08,43.8
2009-06-09,44.74
2009-06-10,44.9
2009-06-11,45.66
2009-06-12,46.6
2009-06-16,45.6
2009-06-17,44.2
2009-06-18,45.24
2009-06-19,45.46
2009-06-23,44.36
2009-06-24,42.88
2009-06-25,44.24
2009-06-26,44.7
2009-06-30,45.3
2009-07-01,46.94
2009-07-02,47.28
2009-07-06,46.86
2009-07-07,46.36
2009-07-08,45.9
2009-07-09,45.080002
2009-07-10,44.42
2009-07-13,45.0
2009-07-14,48.36
2009-07-15,47.3
2009-07-16,47.099998
2009-07-17,48.4
2009-07-21,49.82
2009-07-22,49.96
2009-07-23,52.099998
2009-07-24,51.34
2009-07-27,50.72
2009-07-28,50.12
2009-07-29,48.0
2009-07-30,48.9
2009-07-31,49.44
2009-08-03,50.74
2009-08-04,50.4
2009-08-05,50.7
2009-08-06,51.34
2009-08-10,51.5
2009-08-11,50.5
2009-08-12,49.68
2009-08-13,51.4
2009-08-14,51.24
2009-08-18,49.7
2009-08-19,50.52
2009-08-20,51.38
2009-08-21,51.32
2009-08-24,51.74
2009-08-25,52.36
2009-08-26,51.92
2009-08-27,52.66
2009-08-28,52.38
2009-08-31,51.8
2009-09-01,48.54
2009-09-03,50.92
2009-09-04,50.92
2009-09-08,53.0
2009-09-09,53.36
2009-09-10,53.36
2009-09-11,53.98
2009-09-14,54.0
2009-09-15,54.0
2009-09-16,55.66
2009-09-17,55.16
2009-09-18,55.96
2009-09-21,56.4
2009-09-22,58.2
2009-09-23,58.76
2009-09-24,58.5
2009-09-25,59.34
2009-09-28,61.14
2009-09-29,60.92
2009-09-30,60.5
2009-10-01,59.64
2009-10-02,60.44
2009-10-05,61.2
2009-10-06,62.060001
2009-10-07,62.56
2009-10-08,63.68
2009-10-09,63.24
2009-10-13,63.36
2009-10-14,62.9
2009-10-15,61.3
2009-10-16,61.7
2009-10-19,63.7
2009-10-20,61.22
2009-10-21,61.0
2009-10-22,60.16
2009-10-23,59.8
2009-10-26,59.96
2009-10-27,57.0
2009-10-28,54.38
2009-10-29,56.74
2009-10-30,55.86
2009-11-03,54.4
2009-11-04,56.96
2009-11-05,57.24
2009-11-06,57.3
2009-11-09,57.94
2009-11-10,58.96
2009-11-11,58.0
2009-11-12,58.16
2009-11-13,58.64
2009-11-17,59.56
2009-11-18,58.9
2009-11-19,58.66
2009-11-20,58.4
2009-11-23,59.18
2009-11-24,59.16
2009-11-25,59.42
2009-11-27,58.88
2009-11-30,58.72
2009-12-01,59.86
2009-12-02,59.42
2009-12-03,59.94
2009-12-04,59.22
2009-12-07,60.14
2009-12-09,60.24
2009-12-10,60.38
2009-12-11,60.38
2009-12-14,60.38
2009-12-15,59.94
2009-12-16,60.54
2009-12-17,60.58
2009-12-18,60.5
2009-12-21,59.86
2009-12-22,58.22
2009-12-23,59.5
2009-12-24,58.7
2009-12-28,59.2
2009-12-29,56.52
2009-12-30,55.76
2010-01-04,56.78
2010-01-05,58.28
2010-01-06,58.46
2010-01-07,59.080002
2010-01-08,59.14
2010-01-12,59.6
2010-01-13,60.0
2010-01-14,59.94
2010-01-15,59.56
2010-01-19,61.4
2010-01-20,60.16
2010-01-21,57.8
2010-01-22,57.7
2010-01-25,57.86
2010-01-26,57.36
2010-01-27,59.34
2010-01-28,57.86
2010-01-29,58.5
2010-02-01,59.6
2010-02-02,60.9
2010-02-03,59.68
2010-02-04,58.78
2010-02-05,55.5
2010-02-08,55.64
2010-02-09,57.3
2010-02-10,58.0
2010-02-11,59.32
2010-02-12,60.64
2010-02-16,61.82
2010-02-17,61.46
2010-02-18,61.96
2010-02-19,62.16
2010-02-22,62.02
2010-02-23,62.2
2010-02-24,62.48
2010-02-25,61.94
2010-02-26,62.96
2010-03-01,63.3
2010-03-02,64.16
2010-03-03,64.099998
2010-03-04,63.28
2010-03-05,65.5
2010-03-08,65.68
2010-03-09,65.44
2010-03-10,65.16
2010-03-11,65.6
2010-03-12,64.84
2010-03-15,64.0
2010-03-16,65.12
2010-03-17,65.32
2010-03-18,65.58
2010-03-19,64.36
2010-03-23,63.72
2010-03-24,63.16
2010-03-25,63.98
2010-03-26,63.88
2010-03-29,63.74
2010-03-30,64.34
2010-03-31,64.0
2010-04-05,65.26
2010-04-06,66.16
2010-04-07,66.16
2010-04-08,65.74
2010-04-09,66.019997
2010-04-12,66.0
2010-04-13,64.88
2010-04-14,65.98
2010-04-15,65.7
2010-04-16,64.8
2010-04-19,64.26
2010-04-20,64.6
2010-04-21,64.5
2010-04-22,65.18
2010-04-23,66.2
2010-04-26,66.74
2010-04-27,65.0
2010-04-28,64.9
2010-04-29,65.84
2010-04-30,65.48
2010-05-03,65.76
2010-05-04,64.46
2010-05-05,62.78
2010-05-06,60.3
2010-05-07,60.3
2010-05-10,63.18
2010-05-11,64.0
2010-05-12,64.0
2010-05-13,64.7
2010-05-14,64.38
2010-05-18,63.5
2010-05-19,60.92
2010-05-20,60.58
2010-05-21,59.86
2010-05-24,62.0
2010-05-25,59.76
2010-05-26,61.34
2010-05-27,63.58
2010-05-28,62.78
2010-06-01,63.66
2010-06-02,65.019997
2010-06-03,64.86
2010-06-04,64.86
2010-06-08,63.38
2010-06-09,64.9
2010-06-10,65.9
2010-06-11,66.66
2010-06-15,66.82
2010-06-16,67.66
2010-06-17,68.5
2010-06-18,68.4
2010-06-21,69.24
2010-06-22,67.94
2010-06-23,69.24
2010-06-24,67.92
2010-06-25,68.8
2010-06-28,68.040001
2010-06-29,66.88
2010-06-30,66.8
2010-07-01,66.94
2010-07-02,67.7
2010-07-06,68.38
2010-07-07,68.6
2010-07-08,69.94
2010-07-09,70.099998
2010-07-12,70.78
2010-07-13,71.2
2010-07-14,72.12
2010-07-15,72.84
2010-07-16,72.26
2010-07-19,72.4
2010-07-21,73.5
2010-07-22,74.68
2010-07-23,75.32
2010-07-26,76.22
2010-07-27,77.44
2010-07-28,76.92
2010-07-29,75.54
2010-07-30,76.36
2010-08-02,77.16
2010-08-03,78.059998
2010-08-04,78.9
2010-08-05,78.24
2010-08-06,78.019997
2010-08-09,78.28
2010-08-10,78.059998
2010-08-11,76.64
2010-08-12,75.76
2010-08-13,76.080002
2010-08-17,77.66
2010-08-18,77.76
2010-08-19,77.86
2010-08-20,78.040001
2010-08-23,78.5
2010-08-24,79.14
2010-08-25,79.0
2010-08-26,79.38
2010-08-27,80.44
2010-08-30,80.12
2010-08-31,81.92
2010-09-01,84.3
2010-09-02,82.8
2010-09-03,83.76
2010-09-07,84.059998
2010-09-08,85.82
2010-09-09,85.58
2010-09-10,85.0
2010-09-13,85.18
2010-09-14,85.12
2010-09-15,83.9
2010-09-16,83.58
2010-09-17,83.78
2010-09-20,85.26
2010-09-21,85.040001
2010-09-22,84.5
2010-09-23,83.12
2010-09-24,83.74
2010-09-27,84.16
2010-09-28,86.82
2010-09-29,88.040001
2010-09-30,87.9
2010-10-01,87.68
2010-10-04,87.56
2010-10-05,89.5
2010-10-06,90.86
2010-10-07,90.019997
2010-10-08,91.18
2010-10-11,91.86
2010-10-12,92.76
2010-10-13,93.44
2010-10-14,91.86
2010-10-15,91.4
2010-10-19,91.14
2010-10-20,92.22
2010-10-21,92.78
2010-10-22,93.16
2010-10-25,92.12
2010-10-26,91.0
2010-10-27,90.28
2010-10-28,90.82
2010-10-29,92.040001
2010-11-02,93.059998
2010-11-03,93.62
2010-11-04,95.38
2010-11-05,95.38
2010-11-08,94.7
2010-11-09,93.18
2010-11-10,91.88
2010-11-11,88.92
2010-11-12,85.92
2010-11-16,81.9
2010-11-17,84.46
2010-11-18,86.019997
2010-11-19,84.099998
2010-11-22,84.26
2010-11-23,82.26
2010-11-24,83.8
2010-11-26,81.78
2010-11-29,81.62
2010-11-30,82.059998
2010-12-01,83.78
2010-12-02,85.34
2010-12-03,85.92
2010-12-06,86.5
2010-12-07,85.66
2010-12-09,84.84
2010-12-10,86.84
2010-12-13,85.88
2010-12-14,85.76
2010-12-15,84.32
2010-12-16,84.3
2010-12-17,83.92
2010-12-20,83.22
2010-12-21,83.62
2010-12-22,85.040001
2010-12-23,84.82
2010-12-27,84.42
2010-12-28,82.040001
2010-12-29,83.42
2010-12-30,84.18
2011-01-03,83.96
2011-01-04,83.8
2011-01-05,84.44
2011-01-06,83.64
2011-01-07,82.56
2011-01-11,83.54
2011-01-12,84.72
2011-01-13,85.14
2011-01-14,84.9
2011-01-18,84.9
2011-01-19,83.98
2011-01-20,83.56
2011-01-21,84.52
2011-01-24,84.62
2011-01-25,83.98
2011-01-26,84.0
2011-01-27,84.040001
2011-01-28,83.080002
2011-01-31,83.72
2011-02-01,83.86
2011-02-02,82.96
2011-02-03,81.78
2011-02-04,80.26
2011-02-07,79.36
2011-02-08,79.040001
2011-02-09,80.22
2011-02-10,78.32
2011-02-11,79.0
2011-02-14,78.5
2011-02-15,78.5
2011-02-16,78.0
2011-02-17,78.5
2011-02-18,77.3
2011-02-22,77.080002
2011-02-23,79.18
2011-02-24,79.44
2011-02-25,80.0
2011-02-28,81.099998
2011-03-01,81.68
2011-03-02,81.52
2011-03-03,83.040001
2011-03-04,83.7
2011-03-07,83.52
2011-03-08,82.7
2011-03-09,83.040001
2011-03-10,81.28
2011-03-11,79.88
2011-03-14,78.7
2011-03-15,76.48
2011-03-16,75.8
2011-03-17,80.18
2011-03-18,81.44
2011-03-22,81.7
2011-03-23,81.84
2011-03-24,81.98
2011-03-25,81.26
2011-03-28,80.5
2011-03-29,79.52
2011-03-30,80.099998
2011-03-31,81.0
2011-04-01,81.66
2011-04-04,81.62
2011-04-05,82.84
2011-04-06,83.36
2011-04-07,82.6
2011-04-08,83.64
2011-04-11,82.44
2011-04-12,81.28
2011-04-13,81.92
2011-04-14,82.4
2011-04-15,81.96
2011-04-18,81.44
2011-04-19,82.080002
2011-04-20,84.16
2011-04-25,84.48
2011-04-26,84.28
2011-04-27,84.84
2011-04-28,85.28
2011-04-29,85.24
2011-05-02,84.8
2011-05-03,83.84
2011-05-04,83.88
2011-05-05,83.16
2011-05-06,83.16
2011-05-09,83.2
2011-05-10,84.2
2011-05-11,83.080002
2011-05-12,84.0
2011-05-13,83.64
2011-05-16,82.52
2011-05-17,82.72
2011-05-18,82.88
2011-05-19,82.8
2011-05-20,82.84
2011-05-23,82.0
2011-05-24,82.48
2011-05-25,82.68
2011-05-26,83.52
2011-05-27,84.68
2011-05-31,86.6
2011-06-01,86.72
2011-06-02,86.72
2011-06-03,86.92
2011-06-07,87.0
2011-06-08,86.68
2011-06-09,87.0
2011-06-10,86.8
2011-06-13,85.92
2011-06-14,86.36
2011-06-15,84.44
2011-06-16,83.6
2011-06-17,83.8
2011-06-20,83.68
2011-06-21,84.48
2011-06-22,85.080002
2011-06-23,84.24
2011-06-24,83.88
2011-06-28,84.72
2011-06-29,85.24
2011-06-30,84.56
2011-07-01,85.0
2011-07-05,85.28
2011-07-06,84.0
2011-07-07,84.2
2011-07-08,83.84
2011-07-11,80.8
2011-07-12,80.0
2011-07-13,80.16
2011-07-14,80.2
2011-07-15,79.64
2011-07-18,79.080002
2011-07-19,81.28
2011-07-21,82.040001
2011-07-22,82.080002
2011-07-25,82.040001
2011-07-26,82.6
2011-07-27,81.72
2011-07-28,82.4
2011-07-29,81.76
2011-08-01,82.44
2011-08-02,81.6
2011-08-03,82.040001
2011-08-04,78.68
2011-08-05,77.4
2011-08-08,73.16
2011-08-09,76.12
2011-08-10,76.2
2011-08-11,78.6
2011-08-12,79.84
2011-08-16,80.36
2011-08-17,82.080002
2011-08-18,78.8
2011-08-19,77.32
2011-08-22,78.16
2011-08-23,79.16
2011-08-24,79.0
2011-08-25,78.36
2011-08-26,78.8
2011-08-29,79.96
2011-08-30,80.52
2011-08-31,81.4
2011-09-01,81.24
2011-09-02,80.4
2011-09-06,79.32
2011-09-07,80.28
2011-09-08,80.52
2011-09-09,79.32
2011-09-12,77.88
2011-09-13,79.72
2011-09-14,79.0
2011-09-15,80.080002
2011-09-16,81.16
2011-09-19,79.2
2011-09-20,78.88
2011-09-21,78.040001
2011-09-22,73.88
2011-09-23,73.44
2011-09-26,72.96
2011-09-27,74.16
2011-09-28,72.36
2011-09-29,73.68
2011-09-30,71.76
2011-10-03,69.76
2011-10-04,69.44
2011-10-05,71.44
2011-10-06,72.24
2011-10-07,72.64
2011-10-10,74.0
2011-10-11,72.56
2011-10-12,75.040001
2011-10-13,74.72
2011-10-14,76.2
2011-10-18,75.76
2011-10-19,75.48
2011-10-20,75.12
2011-10-21,76.8
2011-10-24,77.6
2011-10-25,76.52
2011-10-26,76.28
2011-10-27,79.040001
2011-10-28,78.2
2011-10-31,77.36
2011-11-01,75.040001
2011-11-02,74.32
2011-11-03,75.040001
2011-11-04,74.44
2011-11-08,74.040001
2011-11-09,72.0
2011-11-10,72.8
2011-11-11,73.080002
2011-11-15,72.44
2011-11-16,72.84
2011-11-17,72.6
2011-11-18,72.48
2011-11-21,70.8
2011-11-22,70.68
2011-11-23,68.52
2011-11-25,67.44
2011-11-28,68.8
2011-11-29,68.8
2011-11-30,71.84
2011-12-01,71.36
2011-12-02,72.16
2011-12-05,72.080002
2011-12-06,70.68
2011-12-07,71.44
2011-12-09,71.88
2011-12-12,71.48
2011-12-13,71.28
2011-12-14,69.96
2011-12-15,70.68
2011-12-16,71.4
2011-12-19,70.36
2011-12-20,72.32
2011-12-21,72.92
2011-12-22,73.32
2011-12-23,73.92
2011-12-27,72.32
2011-12-28,71.2
2011-12-29,71.040001
2012-01-03,72.56
2012-01-04,73.84
2012-01-05,74.28
2012-01-06,73.76
2012-01-10,75.6
2012-01-11,76.16
2012-01-12,75.76
2012-01-13,75.56
2012-01-17,75.84
2012-01-18,77.56
2012-01-19,77.16
2012-01-20,76.84
2012-01-23,77.48
2012-01-24,77.32
2012-01-25,77.76
2012-01-26,77.64
2012-01-27,77.84
2012-01-30,78.040001
2012-01-31,79.72
2012-02-01,79.92
2012-02-02,80.64
2012-02-03,81.32
2012-02-06,81.040001
2012-02-07,81.4
2012-02-08,81.72
2012-02-09,82.16
2012-02-10,81.6
2012-02-13,82.44
2012-02-14,82.0
2012-02-15,82.0
2012-02-16,84.12
2012-02-17,84.72
2012-02-21,84.4
2012-02-22,83.84
2012-02-23,85.24
2012-02-24,85.44
2012-02-27,84.76
2012-02-28,84.44
2012-02-29,85.32
2012-03-01,86.52
2012-03-02,86.28
2012-03-05,86.040001
2012-03-06,83.88
2012-03-07,84.72
2012-03-08,85.72
2012-03-09,85.96
2012-03-12,85.48
2012-03-13,87.36
2012-03-14,86.8
2012-03-15,87.4
2012-03-16,86.64
2012-03-20,85.92
2012-03-21,85.76
2012-03-22,85.48
2012-03-23,86.56
2012-03-26,87.12
2012-03-27,86.64
2012-03-28,86.040001
2012-03-29,85.8
2012-03-30,84.8
2012-04-02,85.28
2012-04-03,85.6
2012-04-04,85.16
2012-04-09,85.040001
2012-04-10,84.76
2012-04-11,85.72
2012-04-12,86.24
2012-04-13,85.76
2012-04-16,86.72
2012-04-17,87.24
2012-04-18,86.92
2012-04-19,87.040001
2012-04-20,87.8
2012-04-23,87.56
2012-04-24,87.16
2012-04-25,88.2
2012-04-26,88.76
2012-04-27,89.48
2012-04-30,90.28
2012-05-02,92.24
2012-05-03,91.68
2012-05-04,91.12
2012-05-07,91.28
2012-05-08,90.4
2012-05-09,89.68
2012-05-10,90.12
2012-05-11,89.56
2012-05-14,87.28
2012-05-15,86.4
2012-05-16,86.12
2012-05-17,83.76
2012-05-18,83.4
2012-05-22,84.0
2012-05-23,83.76
2012-05-24,83.36
2012-05-25,83.4
2012-05-29,83.68
2012-05-30,82.2
2012-05-31,83.12
2012-06-01,80.8
2012-06-04,80.32
2012-06-05,81.24
2012-06-06,82.48
2012-06-07,83.2
2012-06-08,82.8
2012-06-12,82.12
2012-06-13,81.36
2012-06-14,81.72
2012-06-15,82.64
2012-06-19,82.52
2012-06-20,82.68
2012-06-21,80.8
2012-06-22,79.8
2012-06-25,77.76
2012-06-26,77.96
2012-06-27,79.48
2012-06-28,78.2
2012-06-29,80.56
2012-07-03,82.44
2012-07-05,82.4
2012-07-06,81.6
2012-07-09,81.84
2012-07-10,80.96
2012-07-11,81.44
2012-07-12,80.84
2012-07-13,82.040001
2012-07-16,81.72
2012-07-17,82.12
2012-07-18,82.64
2012-07-19,82.84
2012-07-23,81.56
2012-07-24,81.2
2012-07-25,80.64
2012-07-26,81.84
2012-07-27,83.48
2012-07-30,83.12
2012-07-31,82.6
2012-08-01,82.24
2012-08-02,81.6
2012-08-03,82.040001
2012-08-06,81.44
2012-08-08,80.8
2012-08-09,81.24
2012-08-10,81.84
2012-08-13,81.8
2012-08-14,81.2
2012-08-15,81.2
2012-08-16,81.8
2012-08-17,81.84
2012-08-21,82.16
2012-08-22,82.080002
2012-08-23,81.68
2012-08-24,81.76
2012-08-27,81.52
2012-08-28,81.24
2012-08-29,81.24
2012-08-30,80.8
2012-08-31,80.96
2012-09-04,80.48
2012-09-05,81.12
2012-09-06,84.080002
2012-09-07,84.88
2012-09-10,83.92
2012-09-11,83.96
2012-09-12,83.88
2012-09-13,85.4
2012-09-14,85.72
2012-09-17,84.2
2012-09-18,84.76
2012-09-19,85.28
2012-09-20,85.52
2012-09-21,85.64
2012-09-24,85.16
2012-09-25,84.040001
2012-09-26,83.68
2012-09-27,84.6
2012-09-28,84.88
2012-10-01,84.48
2012-10-02,84.8
2012-10-03,84.56
2012-10-04,84.96
2012-10-05,84.6
2012-10-08,84.32
2012-10-09,84.080002
2012-10-10,84.12
2012-10-11,84.2
2012-10-12,84.76
2012-10-16,86.44
2012-10-17,87.2
2012-10-18,88.040001
2012-10-19,88.16
2012-10-22,88.32
2012-10-23,88.12
2012-10-24,87.96
2012-10-25,89.24
2012-10-26,88.92
2012-10-31,88.4
2012-11-01,86.68
2012-11-02,85.36
2012-11-06,85.56
2012-11-07,83.84
2012-11-08,84.92
2012-11-09,85.080002
2012-11-13,84.44
2012-11-14,83.84
2012-11-15,83.52
2012-11-16,83.24
2012-11-19,84.28
2012-11-20,84.72
2012-11-21,84.24
2012-11-23,84.32
2012-11-26,83.72
2012-11-27,83.24
2012-11-28,83.88
2012-11-29,84.6
2012-11-30,84.6
2012-12-03,84.84
2012-12-04,85.6
2012-12-05,86.28
2012-12-06,87.68
2012-12-07,87.56
2012-12-10,88.24
2012-12-11,88.24
2012-12-12,89.040001
2012-12-13,88.6
2012-12-14,88.040001
2012-12-17,88.0
2012-12-18,88.52
2012-12-19,88.6
2012-12-20,88.8
2012-12-21,89.36
2012-12-24,89.080002
2012-12-26,88.96
2012-12-27,87.8
2012-12-28,88.24
2013-01-02,89.36
2013-01-03,90.0
2013-01-04,89.48
2013-01-08,89.16
2013-01-09,89.56
2013-01-10,89.84
2013-01-11,89.6
2013-01-14,89.52
2013-01-15,88.96
2013-01-16,88.72
2013-01-17,89.0
2013-01-18,89.36
2013-01-22,89.2
2013-01-23,89.52
2013-01-24,89.76
2013-01-25,90.12
2013-01-28,89.64
2013-01-29,89.84
2013-01-30,90.080002
2013-01-31,89.6
2013-02-01,90.36
2013-02-04,89.92
2013-02-05,90.12
2013-02-06,89.4
2013-02-07,88.84
2013-02-08,89.48
2013-02-11,88.84
2013-02-12,89.28
2013-02-13,90.16
2013-02-14,89.88
2013-02-15,89.16
2013-02-19,88.52
2013-02-20,87.92
2013-02-21,87.64
2013-02-22,88.2
2013-02-25,87.16
2013-02-26,87.0
2013-02-27,87.6
2013-02-28,87.24
2013-03-01,87.080002
2013-03-04,86.84
2013-03-05,86.32
2013-03-06,86.16
2013-03-07,85.68
2013-03-08,85.84
2013-03-11,86.080002
2013-03-12,85.96
2013-03-13,85.64
2013-03-14,85.72
2013-03-15,85.24
2013-03-18,84.64
2013-03-19,83.64
2013-03-20,83.080002
2013-03-21,83.0
2013-03-22,83.040001
2013-03-26,83.16
2013-03-27,83.44
2013-04-01,83.56
2013-04-02,83.56
2013-04-03,82.16
2013-04-04,81.96
2013-04-05,82.28
2013-04-08,82.28
2013-04-09,82.72
2013-04-10,83.0
2013-04-11,83.28
2013-04-12,82.040001
2013-04-15,80.32
2013-04-16,80.68
2013-04-17,79.080002
2013-04-18,79.56
2013-04-19,80.44
2013-04-22,80.44
2013-04-23,80.8
2013-04-24,81.0
2013-04-25,81.48
2013-04-26,80.68
2013-04-29,80.92
2013-04-30,80.88
2013-05-02,80.28
2013-05-03,81.0
2013-05-06,80.84
2013-05-07,80.88
2013-05-08,80.12
2013-05-09,79.84
2013-05-10,78.84
2013-05-14,79.28
2013-05-15,79.24
2013-05-16,79.76
2013-05-17,79.64
2013-05-20,79.32
2013-05-21,78.48
2013-05-22,78.56
2013-05-23,78.6
2013-05-24,78.12
2013-05-28,78.44
2013-05-29,78.12
2013-05-30,78.2
2013-05-31,75.64
2013-06-04,76.84
2013-06-05,76.12
2013-06-06,76.4
2013-06-07,76.52
2013-06-11,75.080002
2013-06-12,74.72
2013-06-13,75.52
2013-06-14,75.84
2013-06-17,76.080002
2013-06-18,75.4
2013-06-19,75.4
2013-06-20,72.0
2013-06-21,72.64
2013-06-24,70.48
2013-06-25,71.16
2013-06-26,72.040001
2013-06-27,72.4
2013-06-28,73.36
2013-07-02,72.96
2013-07-03,72.64
2013-07-05,71.8
2013-07-08,72.12
2013-07-09,71.88
2013-07-10,70.8
2013-07-11,73.080002
2013-07-12,73.76
2013-07-15,76.52
2013-07-16,77.44
2013-07-17,78.72
2013-07-18,78.4
2013-07-19,79.0
2013-07-22,78.76
2013-07-23,79.32
2013-07-24,79.12
2013-07-25,79.72
2013-07-26,79.4
2013-07-29,78.84
2013-07-30,78.84
2013-07-31,78.48
2013-08-01,79.92
2013-08-02,81.28
2013-08-05,81.0
2013-08-06,81.2
2013-08-08,81.44
2013-08-09,81.24
2013-08-12,81.64
2013-08-13,82.0
2013-08-14,82.32
2013-08-15,81.32
2013-08-16,80.0
2013-08-20,79.32
2013-08-21,78.56
2013-08-22,79.12
2013-08-23,78.92
2013-08-26,78.32
2013-08-27,77.68
2013-08-28,78.84
2013-08-29,78.6
2013-08-30,78.56
2013-09-03,78.68
2013-09-04,79.6
2013-09-05,79.6
2013-09-06,79.8
2013-09-09,80.28
2013-09-10,81.040001
2013-09-11,81.92
2013-09-12,81.040001
2013-09-13,81.0
2013-09-16,81.080002
2013-09-17,81.040001
2013-09-18,82.92
2013-09-19,84.2
2013-09-20,83.28
2013-09-23,83.24
2013-09-24,83.12
2013-09-25,82.88
2013-09-26,82.56
2013-09-27,81.68
2013-09-30,81.32
2013-10-01,82.16
2013-10-02,82.6
2013-10-03,82.040001
2013-10-04,82.92
2013-10-07,82.96
2013-10-08,82.16
2013-10-09,82.080002
2013-10-10,83.16
2013-10-11,84.080002
2013-10-15,83.88
2013-10-16,84.0
2013-10-17,84.28
2013-10-18,84.4
2013-10-21,84.4
2013-10-22,84.92
2013-10-23,83.6
2013-10-24,83.64
2013-10-25,84.080002
2013-10-28,83.56
2013-10-29,83.56
2013-10-30,82.44
2013-10-31,82.080002
2013-11-01,81.84
2013-11-05,80.44
2013-11-06,79.64
2013-11-07,78.4
2013-11-08,77.2
2013-11-12,75.12
2013-11-13,75.92
2013-11-14,77.24
2013-11-15,77.72
2013-11-18,77.84
2013-11-19,77.2
2013-11-20,76.28
2013-11-21,76.44
2013-11-22,76.28
2013-11-25,75.84
2013-11-26,75.12
2013-11-27,75.16
2013-11-29,75.48
2013-12-02,75.040001
2013-12-03,74.2
2013-12-04,73.76
2013-12-05,74.12
2013-12-06,75.12
2013-12-09,74.88
2013-12-10,75.12
2013-12-11,75.4
2013-12-12,75.84
2013-12-13,75.96
2013-12-16,74.88
2013-12-17,74.84
2013-12-18,74.84
2013-12-19,74.56
2013-12-20,75.040001
2013-12-23,75.12
2013-12-24,75.28
2013-12-26,74.88
2013-12-27,72.32
2013-12-30,72.56
2014-01-02,72.0
2014-01-03,72.12
2014-01-07,72.12
2014-01-08,71.12
2014-01-09,70.36
2014-01-10,70.56
2014-01-13,69.76
2014-01-14,68.92
2014-01-15,69.0
2014-01-16,68.84
2014-01-17,68.28
2014-01-21,67.32
2014-01-22,66.92
2014-01-23,66.16
2014-01-24,64.96
2014-01-27,64.080002
2014-01-28,63.52
2014-01-29,62.72
2014-01-30,62.8
2014-01-31,62.44
2014-02-03,61.080002
2014-02-04,62.16
2014-02-05,61.84
2014-02-06,63.080002
2014-02-07,63.68
2014-02-10,62.68
2014-02-11,64.080002
2014-02-12,64.48
2014-02-13,64.96
2014-02-14,65.92
2014-02-18,65.2
2014-02-19,64.92
2014-02-20,64.24
2014-02-21,64.64
2014-02-24,65.16
2014-02-25,64.080002
2014-02-26,63.28
2014-02-27,63.8
2014-02-28,64.56
2014-03-03,64.28
2014-03-04,65.44
2014-03-05,66.48
2014-03-06,68.4
2014-03-07,67.36
2014-03-10,67.0
2014-03-11,67.36
2014-03-12,67.32
2014-03-13,67.88
2014-03-14,67.64
2014-03-17,68.040001
2014-03-18,68.56
2014-03-19,69.040001
2014-03-20,70.080002
2014-03-21,70.88
2014-03-25,71.88
2014-03-26,72.44
2014-03-27,74.64
2014-03-28,74.68
2014-03-31,74.52
2014-04-01,75.4
2014-04-02,76.16
2014-04-03,75.72
2014-04-04,76.36
2014-04-07,76.040001
2014-04-08,76.12
2014-04-09,75.76
2014-04-10,76.16
2014-04-11,76.040001
2014-04-14,76.4
2014-04-15,75.2
2014-04-16,75.56
2014-04-21,76.52
2014-04-22,76.080002
2014-04-23,75.72
2014-04-24,75.16
2014-04-25,75.080002
2014-04-28,75.44
2014-04-29,75.92
2014-04-30,76.080002
2014-05-02,76.28
2014-05-05,75.76
2014-05-06,76.12
2014-05-07,76.88
2014-05-08,78.040001
2014-05-09,77.52
2014-05-12,78.040001
2014-05-13,77.56
2014-05-14,77.52
2014-05-15,76.6
2014-05-16,76.68
2014-05-19,77.080002
2014-05-20,76.0
2014-05-21,76.88
2014-05-22,77.36
2014-05-23,77.36
2014-05-27,76.92
2014-05-28,76.68
2014-05-29,77.040001
2014-05-30,77.040001
2014-06-03,78.12
2014-06-04,77.8
2014-06-05,78.4
2014-06-06,79.040001
2014-06-09,79.28
2014-06-10,80.4
2014-06-11,81.12
2014-06-12,81.24
2014-06-13,81.36
2014-06-16,81.44
2014-06-17,80.36
2014-06-18,81.4
2014-06-19,81.28
2014-06-20,81.88
2014-06-24,81.16
2014-06-25,81.32
2014-06-26,81.0
2014-06-27,81.0
2014-07-01,81.52
2014-07-02,81.64
2014-07-03,82.72
2014-07-07,81.92
2014-07-08,81.28
2014-07-09,80.68
2014-07-10,80.72
2014-07-11,80.72
2014-07-14,80.64
2014-07-15,80.28
2014-07-16,80.88
2014-07-17,80.24
2014-07-18,80.52
2014-07-21,81.12
2014-07-22,82.0
2014-07-23,82.12
2014-07-24,81.92
2014-07-25,81.8
2014-07-28,83.12
2014-07-29,82.2
2014-07-30,81.56
2014-07-31,81.0
2014-08-01,81.68
2014-08-04,81.96
2014-08-05,81.72
2014-08-06,81.44
2014-08-08,81.52
2014-08-11,82.92
2014-08-12,82.52
2014-08-13,82.12
2014-08-14,81.84
2014-08-15,81.040001
2014-08-19,80.92
2014-08-20,80.88
2014-08-21,80.96
2014-08-22,81.12
2014-08-25,80.24
2014-08-26,80.76
2014-08-27,81.68
2014-08-28,82.12
2014-08-29,82.24
2014-09-02,82.68
2014-09-03,82.56
2014-09-04,81.52
2014-09-05,81.28
2014-09-08,80.32
2014-09-09,79.32
2014-09-10,79.16
2014-09-11,78.32
2014-09-12,77.68
2014-09-15,77.8
2014-09-16,78.52
2014-09-17,78.6
2014-09-18,78.6
2014-09-19,78.28
2014-09-22,76.8
2014-09-23,75.36
2014-09-24,74.76
2014-09-25,73.36
2014-09-26,73.6
2014-09-29,73.0
2014-09-30,73.080002
2014-10-01,71.92
2014-10-02,71.48
2014-10-03,71.72
2014-10-06,72.24
2014-10-07,71.4
2014-10-08,70.88
2014-10-09,70.0
2014-10-10,68.92
2014-10-14,67.96
2014-10-15,67.080002
2014-10-16,67.92
2014-10-17,68.52
2014-10-20,69.12
2014-10-21,70.44
2014-10-22,69.12
2014-10-23,69.84
2014-10-24,69.72
2014-10-27,69.040001
2014-10-28,69.64
2014-10-29,69.64
2014-10-30,70.0
2014-10-31,70.24
2014-11-04,68.88
2014-11-05,68.36
2014-11-06,67.88
2014-11-07,68.28
2014-11-10,67.96
2014-11-11,67.36
2014-11-12,67.48
2014-11-13,65.64
2014-11-14,65.32
2014-11-18,65.16
2014-11-19,64.56
2014-11-20,64.76
2014-11-21,65.64
2014-11-24,64.64
2014-11-25,63.96
2014-11-26,63.0
2014-11-28,58.88
2014-12-01,56.96
2014-12-02,56.080002
2014-12-03,56.8
2014-12-04,55.84
2014-12-05,55.0
2014-12-09,53.16
2014-12-10,50.28
2014-12-11,48.92
2014-12-12,47.92
2014-12-15,46.6
2014-12-16,47.2
2014-12-17,50.28
2014-12-18,51.36
2014-12-19,53.68
2014-12-22,53.88
2014-12-23,54.16
2014-12-24,54.040001
2014-12-26,53.44
2014-12-29,51.4
2014-12-30,51.6
2015-01-02,50.96
2015-01-05,47.64
2015-01-06,47.12
2015-01-07,47.8
2015-01-08,48.4
2015-01-09,48.44
2015-01-13,47.32
2015-01-14,47.16
2015-01-15,46.96
2015-01-16,47.72
2015-01-20,47.88
2015-01-21,48.28
2015-01-22,49.24
2015-01-23,49.2
2015-01-26,49.36
2015-01-27,49.64
2015-01-28,49.52
2015-01-29,48.2
2015-01-30,47.6
2015-02-02,49.0
2015-02-03,51.36
2015-02-04,49.92
2015-02-05,50.68
2015-02-06,50.16
2015-02-09,50.040001
2015-02-10,48.68
2015-02-11,47.040001
2015-02-12,47.76
2015-02-13,48.76
2015-02-17,48.36
2015-02-18,47.72
2015-02-19,47.36
2015-02-20,46.68
2015-02-23,45.76
2015-02-24,46.040001
2015-02-25,46.12
2015-02-26,45.72
2015-02-27,45.72
2015-03-02,44.56
2015-03-03,43.96
2015-03-04,44.040001
2015-03-05,43.76
2015-03-06,42.2
2015-03-09,41.12
2015-03-10,40.2
2015-03-11,40.28
2015-03-12,40.68
2015-03-13,40.48
2015-03-16,40.12
2015-03-17,40.76
2015-03-18,41.84
2015-03-19,41.52
2015-03-20,42.56
2015-03-24,43.0
2015-03-25,42.8
2015-03-26,42.6
2015-03-27,42.28
2015-03-30,42.28
2015-03-31,41.96
2015-04-01,43.16
2015-04-06,44.4
2015-04-07,45.12
2015-04-08,45.080002
2015-04-09,45.12
2015-04-10,45.16
2015-04-13,44.28
2015-04-14,44.32
2015-04-15,45.64
2015-04-16,46.32
2015-04-17,46.32
2015-04-20,46.080002
2015-04-21,45.48
2015-04-22,45.84
2015-04-23,46.76
2015-04-24,47.56
2015-04-27,48.72
2015-04-28,49.6
2015-04-29,50.080002
2015-04-30,49.92
2015-05-04,49.36
2015-05-05,50.080002
2015-05-06,50.84
2015-05-07,49.84
2015-05-08,49.84
2015-05-11,49.16
2015-05-12,49.12
2015-05-13,48.68
2015-05-14,48.64
2015-05-15,47.76
2015-05-19,46.48
2015-05-20,46.52
2015-05-21,46.56
2015-05-22,46.44
2015-05-26,44.92
2015-05-27,44.2
2015-05-28,43.92
2015-05-29,43.8
2015-06-01,43.16
2015-06-02,43.48
2015-06-03,43.2
2015-06-04,42.64
2015-06-05,42.48
2015-06-09,43.28
2015-06-10,43.88
2015-06-11,44.24
2015-06-12,44.080002
2015-06-16,43.88
2015-06-17,43.68
2015-06-18,43.88
2015-06-19,43.36
2015-06-22,43.8
2015-06-23,43.96
2015-06-24,43.8
2015-06-25,43.32
2015-06-26,42.88
2015-06-30,42.72
2015-07-01,42.080002
2015-07-02,42.2
2015-07-06,41.4
2015-07-07,41.040001
2015-07-08,40.88
2015-07-09,40.28
2015-07-10,40.72
2015-07-13,40.84
2015-07-14,41.48
2015-07-15,41.0
2015-07-16,40.96
2015-07-17,40.72
2015-07-21,39.6
2015-07-22,39.44
2015-07-23,39.0
2015-07-24,38.72
2015-07-27,38.040001
2015-07-28,38.24
2015-07-29,38.92
2015-07-30,38.64
2015-07-31,38.88
2015-08-03,37.52
2015-08-04,37.24
2015-08-05,36.68
2015-08-06,37.040001
2015-08-10,37.6
2015-08-11,36.64
2015-08-12,36.88
2015-08-13,35.96
2015-08-14,35.84
2015-08-18,35.52
2015-08-19,34.72
2015-08-20,34.040001
2015-08-21,32.68
2015-08-24,30.4
2015-08-25,30.48
2015-08-26,30.32
2015-08-27,32.52
2015-08-28,33.56
2015-08-31,34.64
2015-09-01,33.28
2015-09-02,32.96
2015-09-03,34.12
2015-09-04,33.84
2015-09-08,34.2
2015-09-09,33.56
2015-09-10,34.8
2015-09-11,34.8
2015-09-14,34.84
2015-09-15,35.0
2015-09-16,36.080002
2015-09-17,36.080002
2015-09-18,35.84
2015-09-21,35.2
2015-09-22,33.84
2015-09-23,33.12
2015-09-24,33.32
2015-09-25,33.24
2015-09-28,32.68
2015-09-29,32.48
2015-09-30,33.0
2015-10-01,33.0
2015-10-02,33.68
2015-10-05,35.12
2015-10-06,36.24
2015-10-07,36.88
2015-10-08,37.72
2015-10-09,37.68
2015-10-13,36.64
2015-10-14,36.4
2015-10-15,36.44
2015-10-16,36.68
2015-10-19,35.72
2015-10-20,35.8
2015-10-21,35.28
2015-10-22,35.92
2015-10-23,35.96
2015-10-26,35.56
2015-10-27,34.8
2015-10-28,34.92
2015-10-29,34.84
2015-10-30,34.88
2015-11-03,36.36
2015-11-04,36.040001
2015-11-05,35.68
2015-11-06,35.36
2015-11-09,34.4
2015-11-10,34.2
2015-11-11,33.88
2015-11-12,32.44
2015-11-13,31.12
2015-11-17,30.24
2015-11-18,30.56
2015-11-19,30.76
2015-11-20,31.040001
2015-11-23,30.68
2015-11-24,30.84
2015-11-25,29.88
2015-11-27,29.52
2015-11-30,29.8
2015-12-01,29.88
2015-12-02,28.96
2015-12-03,29.08
2015-12-04,28.48
2015-12-07,27.2
2015-12-09,27.32
2015-12-10,27.92
2015-12-11,27.12
2015-12-14,26.64
2015-12-15,27.52
2015-12-16,28.44
2015-12-17,28.24
2015-12-18,28.32
2015-12-21,28.12
2015-12-22,28.44
2015-12-23,30.12
2015-12-24,30.4
2015-12-28,30.24
2015-12-29,29.88
2015-12-30,29.6
2016-01-04,29.32
2016-01-05,29.56
2016-01-06,28.64
2016-01-07,28.040001
2016-01-08,28.0
2016-01-12,27.24
2016-01-13,27.92
2016-01-14,28.48
2016-01-15,27.36
2016-01-19,27.12
2016-01-20,26.8
2016-01-21,27.64
2016-01-22,28.52
2016-01-25,27.32
2016-01-26,28.08
2016-01-27,28.0
2016-01-28,29.2
2016-01-29,29.64
2016-02-01,29.08
2016-02-02,28.08
2016-02-03,28.84
2016-02-04,29.4
2016-02-05,29.44
2016-02-08,29.28
2016-02-09,28.88
2016-02-10,29.12
2016-02-11,28.56
2016-02-12,29.48
2016-02-16,29.2
2016-02-17,30.2
2016-02-18,30.56
2016-02-19,30.28
2016-02-22,30.92
2016-02-23,30.48
2016-02-24,30.48
2016-02-25,31.2
2016-02-26,31.16
2016-02-29,31.88
2016-03-01,32.88
2016-03-02,33.68
2016-03-03,33.76
2016-03-04,34.2
2016-03-07,35.12
2016-03-08,33.56
2016-03-09,33.92
2016-03-10,33.4
2016-03-11,34.48
2016-03-14,34.080002
2016-03-15,33.64
2016-03-16,33.76
2016-03-17,34.68
2016-03-18,34.52
2016-03-22,35.36
2016-03-23,34.88
2016-03-28,35.4
2016-03-29,34.88
2016-03-30,35.8
2016-03-31,36.4
2016-04-01,36.88
2016-04-04,36.24
2016-04-05,35.52
2016-04-06,35.6
2016-04-07,34.92
2016-04-08,35.28
2016-04-11,35.96
2016-04-12,36.88
2016-04-13,37.24
2016-04-14,37.16
2016-04-15,36.76
2016-04-18,37.2
2016-04-19,38.040001
2016-04-20,38.56
2016-04-21,37.84
2016-04-22,37.72
2016-04-25,36.92
2016-04-26,37.16
2016-04-27,37.72
2016-04-28,38.2
2016-04-29,38.040001
2016-05-02,38.040001
2016-05-03,36.52
2016-05-04,35.64
2016-05-05,35.36
2016-05-06,35.040001
2016-05-10,35.36
2016-05-11,36.0
2016-05-12,36.48
2016-05-13,36.0
2016-05-16,35.68
2016-05-17,35.56
2016-05-18,35.0
2016-05-19,34.28
2016-05-20,34.52
2016-05-23,34.52
2016-05-24,34.36
2016-05-25,34.16
2016-05-26,34.24
2016-05-27,34.040001
2016-05-31,33.6
2016-06-01,33.32
2016-06-02,33.84
2016-06-03,35.0
2016-06-07,36.88
2016-06-08,37.32
2016-06-09,37.44
2016-06-10,36.4
2016-06-13,35.8
2016-06-14,35.36
2016-06-15,35.88
2016-06-16,35.36
2016-06-17,35.68
2016-06-20,36.4
2016-06-21,36.44
2016-06-22,37.12
2016-06-23,37.68
2016-06-24,36.2
2016-06-27,34.48
2016-06-28,35.6
2016-06-29,36.44
2016-06-30,36.52
2016-07-01,36.76
2016-07-05,36.040001
2016-07-06,35.88
2016-07-07,35.68
2016-07-08,36.28
2016-07-11,36.44
2016-07-12,37.080002
2016-07-13,37.0
2016-07-14,37.32
2016-07-15,37.44
2016-07-18,37.56
2016-07-19,37.28
2016-07-21,37.28
2016-07-22,37.16
2016-07-25,36.12
2016-07-26,35.36
2016-07-27,35.2
2016-07-28,34.88
2016-07-29,35.12
2016-08-01,34.68
2016-08-02,34.4
2016-08-03,34.72
2016-08-04,34.88
2016-08-05,35.4
2016-08-08,36.24
2016-08-09,36.36
2016-08-10,36.92
2016-08-11,37.76
2016-08-12,37.28
2016-08-16,37.96
2016-08-17,38.0
2016-08-18,38.6
2016-08-19,38.92
2016-08-22,38.36
2016-08-23,38.0
2016-08-24,38.2
2016-08-25,38.92
2016-08-26,38.92
2016-08-29,38.6
2016-08-30,38.56
2016-08-31,37.040001
2016-09-01,37.16
2016-09-02,38.12
2016-09-06,39.52
2016-09-07,40.28
2016-09-08,40.4
2016-09-09,39.0
2016-09-12,38.68
2016-09-13,37.48
2016-09-14,37.64
2016-09-15,37.84
2016-09-16,37.24
2016-09-19,37.64
2016-09-20,37.36
2016-09-21,38.080002
2016-09-22,38.64
2016-09-23,37.8
2016-09-26,37.4
2016-09-27,37.44
2016-09-28,38.24
2016-09-29,38.0
2016-09-30,37.96
2016-10-03,37.12
2016-10-04,36.48
2016-10-05,37.2
2016-10-06,37.6
2016-10-07,37.64
2016-10-10,38.0
2016-10-11,37.88
2016-10-12,37.92
2016-10-13,37.76
2016-10-14,37.52
2016-10-18,37.96
2016-10-19,38.12
2016-10-20,38.12
2016-10-21,38.080002
2016-10-24,37.72
2016-10-25,37.8
2016-10-26,37.32
2016-10-27,37.32
2016-10-28,37.16
2016-10-31,36.76
2016-11-01,36.4
2016-11-02,36.12
2016-11-03,35.76
2016-11-04,35.52
2016-11-08,37.24
2016-11-09,36.2
2016-11-10,34.16
2016-11-11,33.56
2016-11-15,34.16
2016-11-16,33.8
2016-11-17,33.8
2016-11-18,33.6
2016-11-21,34.040001
2016-11-22,33.84
2016-11-23,33.64
2016-11-25,33.44
2016-11-28,33.44
2016-11-29,32.96
2016-11-30,34.72
2016-12-01,34.84
2016-12-02,34.96
2016-12-05,35.56
2016-12-06,36.040001
2016-12-07,36.4
2016-12-09,36.48
2016-12-12,36.72
2016-12-13,37.2
2016-12-14,36.68
2016-12-15,36.8
2016-12-16,36.6
2016-12-19,36.56
2016-12-20,36.8
2016-12-21,36.64
2016-12-22,36.48
2016-12-23,36.36
2016-12-27,36.64
2016-12-28,36.040001
2016-12-29,36.56
2017-01-03,37.080002
2017-01-04,37.64
2017-01-05,38.24
2017-01-06,38.24
2017-01-10,37.72
2017-01-11,37.6
2017-01-12,38.32
2017-01-13,37.84
2017-01-17,38.080002
2017-01-18,37.72
2017-01-19,37.6
2017-01-20,37.84
2017-01-23,37.76
2017-01-24,38.12
2017-01-25,38.080002
2017-01-26,38.080002
2017-01-27,38.24
2017-01-30,37.76
2017-01-31,37.88
2017-02-01,37.96
2017-02-02,38.44
2017-02-03,38.96
2017-02-06,38.76
2017-02-07,38.48
2017-02-08,38.0
2017-02-09,38.2
2017-02-10,38.48
2017-02-13,38.040001
2017-02-14,37.28
2017-02-15,37.72
2017-02-16,37.84
2017-02-17,37.64
2017-02-21,37.32
2017-02-22,37.16
2017-02-23,37.84
2017-02-24,37.24
2017-02-27,37.32
2017-02-28,36.76
2017-03-01,36.64
2017-03-02,35.92
2017-03-03,35.96
2017-03-06,35.96
2017-03-07,36.2
2017-03-08,35.68
2017-03-09,35.64
2017-03-10,36.0
2017-03-13,36.2
2017-03-14,35.56
2017-03-15,36.16
2017-03-16,36.8
2017-03-17,36.8
2017-03-21,36.92
2017-03-22,36.84
2017-03-23,37.12
2017-03-24,37.44
2017-03-27,37.16
2017-03-28,37.72
2017-03-29,38.040001
2017-03-30,38.0
2017-03-31,37.96
2017-04-03,38.040001
2017-04-04,38.24
2017-04-05,38.24
2017-04-06,38.36
2017-04-07,38.24
2017-04-10,38.44
2017-04-11,38.44
2017-04-12,38.48
2017-04-17,38.6
2017-04-18,38.68
2017-04-19,38.2
2017-04-20,38.36
2017-04-21,38.0
2017-04-24,38.040001
2017-04-25,37.92
2017-04-26,37.44
2017-04-27,37.28
2017-04-28,37.52
2017-05-02,37.56
2017-05-03,37.6
2017-05-04,37.16
2017-05-05,37.84
2017-05-08,37.92
2017-05-09,38.040001
2017-05-10,38.64
2017-05-11,38.92
2017-05-12,39.64
2017-05-15,40.6
2017-05-16,40.56
2017-05-17,39.8
2017-05-18,39.28
2017-05-19,40.12
2017-05-22,40.0
2017-05-23,39.92
2017-05-24,40.080002
2017-05-25,39.92
2017-05-26,40.12
2017-05-30,40.040001
2017-05-31,39.88
2017-06-01,40.36
2017-06-02,40.28
2017-06-05,40.24
2017-06-06,40.48
2017-06-07,40.32
2017-06-08,40.12
2017-06-09,40.2
2017-06-12,39.96
2017-06-13,40.12
2017-06-14,40.0
2017-06-15,39.92
2017-06-16,39.68
2017-06-20,38.68
2017-06-21,37.76
2017-06-22,38.080002
2017-06-23,38.080002
2017-06-27,37.92
2017-06-28,38.68
2017-06-29,38.32
2017-06-30,38.68
2017-07-05,38.56
2017-07-06,38.68
2017-07-07,38.4
2017-07-10,38.8
2017-07-11,38.76
2017-07-12,39.48
2017-07-13,39.56
2017-07-14,39.76
2017-07-17,39.6
2017-07-18,39.68
2017-07-19,39.48
2017-07-21,39.52
2017-07-24,39.32
2017-07-25,39.52
2017-07-26,39.68
2017-07-27,39.8
2017-07-28,40.040001
2017-07-31,39.84
2017-08-01,40.4
2017-08-02,40.44
2017-08-03,40.4
2017-08-04,40.080002
2017-08-08,39.52
2017-08-09,39.44
2017-08-10,39.16
2017-08-11,39.68
2017-08-14,39.84
2017-08-15,39.6
2017-08-16,40.2
2017-08-17,39.88
2017-08-18,40.080002
2017-08-22,40.28
2017-08-23,40.52
2017-08-24,40.56
2017-08-25,41.16
2017-08-28,40.84
2017-08-29,41.080002
2017-08-30,40.88
2017-08-31,41.4
2017-09-01,41.84
2017-09-05,42.040001
2017-09-06,42.36
2017-09-07,42.24
2017-09-08,42.24
2017-09-11,42.28
2017-09-12,42.24
2017-09-13,42.040001
2017-09-14,41.96
2017-09-15,42.52
2017-09-18,42.24
2017-09-19,42.24
2017-09-20,41.96
2017-09-21,41.64
2017-09-22,41.84
2017-09-25,41.32
2017-09-26,41.2
2017-09-27,41.28
2017-09-28,41.28
2017-09-29,41.36
2017-10-02,41.32
2017-10-03,41.32
2017-10-04,41.4
2017-10-05,41.72
2017-10-06,41.36
2017-10-09,41.28
2017-10-10,41.16
2017-10-11,41.16
2017-10-12,41.36
2017-10-13,41.44
2017-10-17,41.080002
2017-10-18,41.36
2017-10-19,41.2
2017-10-20,40.84
2017-10-23,40.52
2017-10-24,40.24
2017-10-25,39.92
2017-10-26,39.92
2017-10-27,39.2
2017-10-30,38.64
2017-10-31,38.24
2017-11-01,38.2
2017-11-02,38.12
2017-11-03,37.88
2017-11-07,38.4
2017-11-08,38.64
2017-11-09,39.080002
2017-11-10,38.88
2017-11-14,38.36
2017-11-15,38.24
2017-11-16,38.6
2017-11-17,39.36
2017-11-20,38.96
2017-11-21,39.28
2017-11-22,39.72
2017-11-24,39.56
2017-11-27,39.16
2017-11-28,39.080002
2017-11-29,39.080002
2017-11-30,38.92
2017-12-01,38.8
2017-12-04,38.92
2017-12-05,39.0
2017-12-06,38.84
2017-12-07,39.080002
2017-12-11,39.16
2017-12-12,39.080002
2017-12-13,39.36
2017-12-14,39.56
2017-12-15,39.16
2017-12-18,39.88
2017-12-19,40.12
2017-12-20,40.32
2017-12-21,40.32
2017-12-22,40.44
2017-12-26,40.48
2017-12-27,40.76
2017-12-28,40.0
2018-01-02,40.92
2018-01-03,41.4
2018-01-04,41.6
2018-01-05,41.8
2018-01-09,42.12
2018-01-10,42.040001
2018-01-11,41.96
2018-01-12,42.28
2018-01-16,42.44
2018-01-17,42.72
2018-01-18,43.040001
2018-01-19,43.040001
2018-01-22,43.32
2018-01-23,43.44
2018-01-24,44.88
2018-01-25,45.0
2018-01-26,44.8
2018-01-29,44.56
2018-01-30,43.96
2018-01-31,43.88
2018-02-01,44.4
2018-02-02,43.0
2018-02-05,41.96
2018-02-06,42.48
2018-02-07,42.16
2018-02-08,40.64
2018-02-09,40.76
2018-02-12,41.76
2018-02-13,41.44
2018-02-14,41.68
2018-02-15,42.36
2018-02-16,42.72
2018-02-20,42.28
2018-02-21,42.0
2018-02-22,42.52
2018-02-23,42.6
2018-02-26,42.88
2018-02-27,41.76
2018-02-28,40.84
2018-03-01,40.32
2018-03-02,40.48
2018-03-05,40.56
2018-03-06,41.12
2018-03-07,40.84
2018-03-08,40.6
2018-03-09,41.040001
2018-03-12,41.12
2018-03-13,40.76
2018-03-14,41.080002
2018-03-15,40.76
2018-03-16,40.72
2018-03-20,40.48
2018-03-21,41.0
2018-03-22,40.44
2018-03-23,40.32
2018-03-26,41.24
2018-03-27,41.080002
2018-03-28,41.0
2018-04-02,41.72
2018-04-03,42.48
2018-04-04,42.76
2018-04-05,43.080002
2018-04-06,43.0
2018-04-09,43.64
2018-04-10,44.16
2018-04-11,45.48
2018-04-12,45.56
2018-04-13,45.28
2018-04-16,45.040001
2018-04-17,45.24
2018-04-18,45.88
2018-04-19,45.52
2018-04-20,45.080002
2018-04-23,44.4
2018-04-24,44.4
2018-04-25,43.52
2018-04-26,43.68
2018-04-27,44.0
2018-04-30,43.72
2018-05-02,43.44
2018-05-03,42.96
2018-05-04,43.2
2018-05-07,43.080002
2018-05-08,42.48
2018-05-09,42.8
2018-05-10,43.6
2018-05-11,43.4
2018-05-15,43.080002
2018-05-16,42.52
2018-05-17,41.48
2018-05-18,41.16
2018-05-21,41.52
2018-05-22,42.12
2018-05-23,41.76
2018-05-24,42.2
2018-05-25,41.76
2018-05-29,41.76
2018-05-30,42.52
2018-05-31,42.52
2018-06-01,43.52
2018-06-05,43.68
2018-06-06,43.56
2018-06-07,43.12
2018-06-08,42.92
2018-06-12,42.76
2018-06-13,43.040001
2018-06-14,42.76
2018-06-15,42.28
2018-06-18,42.56
2018-06-19,41.6
2018-06-20,41.24
2018-06-21,41.040001
2018-06-22,41.36
2018-06-25,41.2
2018-06-26,41.56
2018-06-27,41.4
2018-06-28,41.56
2018-06-29,41.96
2018-07-03,42.68
2018-07-05,42.64
2018-07-06,42.92
2018-07-09,42.64
2018-07-10,43.12
2018-07-11,42.32
2018-07-12,42.56
2018-07-13,42.68
2018-07-16,42.28
2018-07-17,42.52
2018-07-18,42.72
2018-07-19,42.4
2018-07-23,42.080002
2018-07-24,42.24
2018-07-25,41.92
2018-07-26,41.92
2018-07-27,42.16
2018-07-30,42.52
2018-07-31,42.24
2018-08-01,42.16
2018-08-02,41.4
2018-08-03,41.52
2018-08-06,41.56
2018-08-08,41.28
2018-08-09,41.2
2018-08-10,40.56
2018-08-13,39.6
2018-08-14,39.64
2018-08-15,38.92
2018-08-16,39.76
2018-08-17,39.72
2018-08-21,40.32
2018-08-22,40.72
2018-08-23,40.32
2018-08-24,40.92
2018-08-27,41.28
2018-08-28,41.16
2018-08-29,40.52
2018-08-30,39.88
2018-08-31,39.68
2018-09-04,38.72
2018-09-05,38.4
2018-09-06,37.84
2018-09-07,37.88
2018-09-10,37.56
2018-09-11,37.64
2018-09-12,38.92
2018-09-13,39.080002
2018-09-14,38.92
2018-09-17,39.12
2018-09-18,39.4
2018-09-19,39.2
2018-09-20,39.72
2018-09-21,39.4
2018-09-24,39.48
2018-09-25,39.52
2018-09-26,39.52
2018-09-27,39.8
2018-09-28,40.0
2018-10-01,40.040001
2018-10-02,39.92
2018-10-03,40.040001
2018-10-04,39.68
2018-10-05,39.16
2018-10-08,38.96
2018-10-09,39.040001
2018-10-10,37.92
2018-10-11,37.4
2018-10-12,37.84
2018-10-16,38.28
2018-10-17,38.2
2018-10-18,37.56
2018-10-19,37.36
2018-10-22,37.28
2018-10-23,36.6
2018-10-24,35.32
2018-10-25,35.16
2018-10-26,35.0
2018-10-29,34.76
2018-10-30,34.56
2018-10-31,34.56
2018-11-01,34.8
2018-11-02,35.040001
2018-11-06,35.64
2018-11-07,36.56
2018-11-08,36.4
2018-11-09,36.040001
2018-11-13,34.8
2018-11-14,35.2
2018-11-15,36.32
2018-11-16,36.68
2018-11-19,36.36
2018-11-20,35.28
2018-11-21,34.92
2018-11-23,34.32
2018-11-26,34.28
2018-11-27,34.16
2018-11-28,33.96
2018-11-29,34.6
2018-11-30,34.36
2018-12-03,35.4
2018-12-04,35.24
2018-12-06,35.16
2018-12-07,35.040001
2018-12-10,34.48
2018-12-11,34.32
2018-12-12,34.56
2018-12-13,34.32
2018-12-14,33.76
2018-12-17,33.56
2018-12-18,33.24
2018-12-19,32.64
2018-12-20,31.24
2018-12-21,31.0
2018-12-24,31.040001
2018-12-26,32.080002
2018-12-27,31.92
2018-12-28,31.16
2019-01-02,31.8
2019-01-03,31.68
2019-01-04,32.72
2019-01-08,33.52
2019-01-09,34.040001
2019-01-10,34.28
2019-01-11,34.12
2019-01-14,34.32
2019-01-15,34.44
2019-01-16,34.8
2019-01-17,34.72
2019-01-18,34.76
2019-01-22,34.6
2019-01-23,34.56
2019-01-24,34.8
2019-01-25,35.080002
2019-01-28,35.0
2019-01-29,35.2
2019-01-30,35.6
2019-01-31,36.68
2019-02-01,36.68
2019-02-04,37.12
2019-02-05,37.48
2019-02-06,37.56
2019-02-07,36.84
2019-02-08,36.68
2019-02-11,36.72
2019-02-12,36.84
2019-02-13,36.56
2019-02-14,36.6
2019-02-15,37.28
2019-02-19,37.0
2019-02-20,37.48
2019-02-21,37.040001
2019-02-22,37.8
2019-02-25,38.16
2019-02-26,38.6
2019-02-27,38.52
2019-02-28,38.28
2019-03-01,38.32
2019-03-04,38.52
2019-03-05,38.4
2019-03-06,38.68
2019-03-07,38.040001
2019-03-08,37.4
2019-03-11,37.84
2019-03-12,38.28
2019-03-13,38.84
2019-03-14,39.12
2019-03-15,39.44
2019-03-18,40.24
2019-03-19,40.48
2019-03-20,40.64
2019-03-21,40.96
2019-03-22,39.36
2019-03-26,39.44
2019-03-27,38.52
2019-03-28,38.4
2019-03-29,38.6
2019-04-01,38.84
2019-04-02,38.8
2019-04-03,39.2
2019-04-04,39.24
2019-04-05,39.72
2019-04-08,40.040001
2019-04-09,40.16
2019-04-10,40.48
2019-04-11,39.88
2019-04-12,39.68
2019-04-15,39.080002
2019-04-16,38.64
2019-04-17,38.96
2019-04-22,39.28
2019-04-23,39.080002
2019-04-24,38.52
2019-04-25,38.52
2019-04-26,38.52
2019-04-29,38.16
2019-04-30,38.080002
2019-05-02,37.48
2019-05-03,37.48
2019-05-06,37.16
2019-05-07,36.32
2019-05-08,36.6
2019-05-09,36.8
2019-05-10,36.76
2019-05-13,35.88
2019-05-14,35.84
2019-05-15,35.8
2019-05-16,35.48
2019-05-17,35.080002
2019-05-20,34.6
2019-05-21,34.92
2019-05-22,34.72
2019-05-23,34.0
2019-05-24,34.6
2019-05-28,34.12
2019-05-29,34.6
2019-05-30,34.72
2019-05-31,34.36
2019-06-04,35.48
2019-06-05,35.2
2019-06-06,35.12
2019-06-07,35.64
2019-06-10,35.88
2019-06-11,36.24
2019-06-12,36.16
2019-06-13,36.16
2019-06-14,36.16
2019-06-17,36.32
2019-06-18,36.64
2019-06-19,37.24
2019-06-20,38.16
2019-06-21,38.16
2019-06-25,38.16
2019-06-26,38.28
2019-06-27,37.72
2019-06-28,37.72
2019-07-02,37.52
2019-07-03,37.52
2019-07-05,38.2
2019-07-08,38.36
2019-07-09,38.52
2019-07-10,38.92
2019-07-11,38.88
2019-07-12,39.12
2019-07-15,39.32
2019-07-16,39.4
2019-07-17,39.44
2019-07-18,38.92
2019-07-19,39.24
2019-07-22,38.92
2019-07-23,39.0
2019-07-24,38.56
2019-07-25,38.24
2019-07-26,37.68
2019-07-29,37.6
2019-07-30,37.0
2019-07-31,36.96
2019-08-01,36.0
2019-08-02,35.44
2019-08-05,34.2
2019-08-06,34.64
2019-08-08,35.64
2019-08-09,35.68
2019-08-12,35.0
2019-08-13,35.96
2019-08-14,34.56
2019-08-15,34.48
2019-08-16,35.080002
2019-08-20,35.28
2019-08-21,35.52
2019-08-22,35.040001
2019-08-23,34.080002
2019-08-26,34.36
2019-08-27,34.2
2019-08-28,34.36
2019-08-29,34.84
2019-08-30,34.84
2019-09-03,35.080002
2019-09-04,35.52
2019-09-05,35.56
2019-09-06,36.080002
2019-09-09,36.0
2019-09-10,36.24
2019-09-11,36.32
2019-09-12,36.6
2019-09-13,36.52
2019-09-16,36.84
2019-09-17,36.76
2019-09-18,36.56
2019-09-19,36.52
2019-09-20,36.4
2019-09-23,36.040001
2019-09-24,36.12
2019-09-25,35.92
2019-09-26,36.36
2019-09-27,36.040001
2019-09-30,35.8
2019-10-01,35.56
2019-10-02,35.44
2019-10-03,35.84
2019-10-04,36.16
2019-10-07,35.96
2019-10-08,35.68
2019-10-09,35.84
2019-10-10,35.96
2019-10-11,36.2
2019-10-15,36.0
2019-10-16,35.96
2019-10-17,36.040001
2019-10-18,36.24
2019-10-21,36.080002
2019-10-22,36.52
2019-10-23,36.88
2019-10-24,37.2
2019-10-25,37.28
2019-10-28,37.44
2019-10-29,37.68
2019-10-30,37.56
2019-10-31,37.96
2019-11-01,39.080002
2019-11-05,39.4
2019-11-06,39.2
2019-11-07,39.76
2019-11-08,39.16
2019-11-12,37.92
2019-11-13,37.0
2019-11-14,37.0
2019-11-15,37.28
2019-11-18,37.2
2019-11-19,36.92
2019-11-20,36.44
2019-11-21,36.32
2019-11-22,36.56
2019-11-25,36.4
2019-11-26,35.76
2019-11-27,35.44
2019-11-29,35.64
2019-12-02,35.56
2019-12-03,35.48
2019-12-04,36.44
2019-12-05,36.8
2019-12-06,37.52
2019-12-09,37.28
2019-12-10,37.12
2019-12-11,37.56
2019-12-12,38.0
2019-12-13,38.16
2019-12-16,38.6
2019-12-17,38.96
2019-12-18,39.080002
2019-12-19,39.48
2019-12-20,39.28
2019-12-23,39.92
2019-12-24,39.84
2019-12-26,39.92
2019-12-27,39.64
2019-12-30,39.4
2020-01-02,39.6
2020-01-03,39.6
2020-01-07,39.92
2020-01-08,40.080002
2020-01-09,40.0
2020-01-10,39.92
2020-01-13,39.96
2020-01-14,39.32
2020-01-15,39.52
2020-01-16,39.28
2020-01-17,39.28
2020-01-21,38.92
2020-01-22,38.84
2020-01-23,39.12
2020-01-24,38.48
2020-01-27,37.88
2020-01-28,37.88
2020-01-29,37.88
2020-01-30,37.72
2020-01-31,37.56
2020-02-03,37.6
2020-02-04,38.24
2020-02-05,38.64
2020-02-06,38.44
2020-02-07,37.96
2020-02-10,37.68
2020-02-11,37.88
2020-02-12,38.32
2020-02-13,38.88
2020-02-14,38.56
2020-02-18,38.44
2020-02-19,38.6
2020-02-20,38.52
2020-02-21,37.92
2020-02-24,36.44
2020-02-25,36.28
2020-02-26,35.68
2020-02-27,34.88
2020-02-28,33.68
2020-03-02,34.4
2020-03-03,34.040001
2020-03-04,34.48
2020-03-05,33.64
2020-03-06,32.4
2020-03-09,27.8
2020-03-10,28.0
2020-03-11,26.32
2020-03-12,22.28
2020-03-13,23.16
2020-03-16,19.96
2020-03-17,19.52
2020-03-18,16.52
2020-03-19,16.96
2020-03-20,17.16
2020-03-24,17.12
2020-03-25,19.6
2020-03-26,22.16
2020-03-27,21.4
2020-03-30,21.12
2020-03-31,21.44
2020-04-01,20.12
2020-04-02,20.88
2020-04-03,21.32
2020-04-06,22.44
2020-04-07,22.76
2020-04-08,23.28
2020-04-13,23.48
2020-04-14,23.88
2020-04-15,23.56
2020-04-16,22.88
2020-04-17,23.44
2020-04-20,23.16
2020-04-21,21.4
2020-04-22,21.32
2020-04-23,21.56
2020-04-24,21.28
2020-04-27,21.36
2020-04-28,22.4
2020-04-29,22.49
2020-04-30,22.42
2020-05-04,21.88
2020-05-05,21.98
2020-05-06,21.65
2020-05-07,21.92
2020-05-08,22.52
2020-05-11,22.22
2020-05-12,21.8
2020-05-13,20.49
2020-05-14,20.44
2020-05-15,20.69
2020-05-18,21.37
2020-05-19,21.31
2020-05-20,21.87
2020-05-21,22.02
2020-05-22,22.059999
2020-05-26,22.31
2020-05-27,22.54
2020-05-28,22.85
2020-05-29,22.52
2020-06-01,23.13
2020-06-02,23.83
2020-06-03,25.01
2020-06-04,25.41
2020-06-05,26.3
2020-06-08,26.95
2020-06-09,26.19
2020-06-10,25.36
2020-06-11,23.33
2020-06-12,23.82
2020-06-16,24.23
2020-06-17,23.63
2020-06-18,23.72
2020-06-19,23.83
2020-06-23,23.85
2020-06-24,23.2
2020-06-25,23.52
2020-06-26,23.16
2020-06-30,22.72
2020-07-01,23.11
2020-07-02,23.44
2020-07-06,23.97
2020-07-07,24.13
2020-07-08,24.39
2020-07-09,24.34
2020-07-10,24.37
2020-07-13,24.29
2020-07-14,24.13
2020-07-15,24.36
2020-07-16,24.45
2020-07-17,24.39
2020-07-21,24.59
2020-07-22,24.92
2020-07-23,24.92
2020-07-24,24.6
2020-07-27,24.96
2020-07-28,24.48
2020-07-29,24.6
2020-07-30,24.34
2020-07-31,23.95
2020-08-03,23.61
2020-08-04,23.26
2020-08-05,23.37
2020-08-06,23.6
2020-08-10,23.56
2020-08-11,23.66
2020-08-12,23.46
2020-08-13,23.78
2020-08-14,23.59
2020-08-18,23.67
2020-08-19,23.91
2020-08-20,23.75
2020-08-21,23.72
2020-08-24,24.24
2020-08-25,24.65
2020-08-26,24.95
2020-08-27,24.97
2020-08-28,25.45
2020-08-31,25.13
2020-09-01,26.16
2020-09-02,26.75
2020-09-03,26.18
2020-09-04,25.87
2020-09-08,25.42
2020-09-09,25.61
2020-09-10,25.3
2020-09-11,25.16
2020-09-14,24.89
2020-09-15,24.88
2020-09-16,24.92
2020-09-17,24.83
2020-09-18,24.61
2020-09-21,24.25
2020-09-22,24.16
2020-09-23,23.5
2020-09-24,23.46
2020-09-25,23.28
2020-09-28,23.52
2020-09-29,23.33
2020-09-30,23.45
2020-10-01,23.25
2020-10-02,23.21
2020-10-05,23.63
2020-10-06,23.62
2020-10-07,23.47
2020-10-08,23.74
2020-10-09,24.29
2020-10-13,23.58
2020-10-14,23.69
2020-10-15,23.69
2020-10-16,23.54
2020-10-19,23.74
2020-10-20,24.17
2020-10-21,24.49
2020-10-22,24.42
2020-10-23,24.19
2020-10-26,23.88
2020-10-27,23.95
2020-10-28,23.0
2020-10-29,22.63
2020-10-30,23.049999
2020-11-03,23.78
2020-11-04,24.12
2020-11-05,24.3
2020-11-06,24.68
2020-11-09,26.08
2020-11-10,26.36
2020-11-11,26.33
2020-11-12,26.23
2020-11-13,25.99
2020-11-17,26.37
2020-11-18,26.38
2020-11-19,26.49
2020-11-20,26.7
2020-11-23,27.12
2020-11-24,27.75
2020-11-25,27.77
2020-11-27,27.8
2020-11-30,27.53
2020-12-01,28.34
2020-12-02,28.87
2020-12-03,29.26
2020-12-04,30.17
2020-12-07,30.65
2020-12-09,30.75
2020-12-10,31.41
2020-12-11,31.2
2020-12-14,31.87
2020-12-15,32.59
2020-12-16,32.55
2020-12-17,33.15
2020-12-18,33.36
2020-12-21,31.8
2020-12-22,31.7
2020-12-23,31.73
2020-12-28,32.14
2020-12-29,32.66
2020-12-30,32.64
2021-01-04,31.96
2021-01-05,32.09
2021-01-06,32.55
2021-01-07,32.61
2021-01-08,32.52
2021-01-12,32.79
2021-01-13,32.51
2021-01-14,32.89
2021-01-15,32.66
2021-01-19,32.53
2021-01-20,32.82
2021-01-21,32.31
2021-01-22,30.67
2021-01-25,30.34
2021-01-26,30.01
2021-01-27,29.33
2021-01-28,29.6
2021-01-29,29.54
2021-02-01,29.44
2021-02-02,30.16
2021-02-03,29.98
2021-02-04,30.27
2021-02-05,29.98
2021-02-08,30.08
2021-02-09,30.13
2021-02-10,30.26
2021-02-11,30.29
2021-02-12,30.26
2021-02-16,30.12
2021-02-17,30.3
2021-02-18,30.09
2021-02-19,29.75
2021-02-22,29.5
2021-02-23,29.4
2021-02-24,30.0
2021-02-25,29.39
2021-02-26,28.65
2021-03-01,29.26
2021-03-02,29.23
2021-03-03,29.1
2021-03-04,28.88
2021-03-05,29.31
2021-03-08,29.53
2021-03-09,29.74
2021-03-10,29.95
2021-03-11,30.08
2021-03-12,30.02
2021-03-15,30.14
2021-03-16,30.24
2021-03-17,29.95
2021-03-18,29.92
2021-03-19,29.73
2021-03-23,29.040001
2021-03-24,28.62
2021-03-25,28.59
2021-03-26,28.61
2021-03-29,28.7
2021-03-30,28.5
2021-03-31,28.89
2021-04-05,29.1
2021-04-06,29.0
2021-04-07,29.22
2021-04-08,29.41
2021-04-09,29.37
2021-04-12,29.11
2021-04-13,28.95
2021-04-14,29.11
2021-04-15,29.46
2021-04-16,29.78
2021-04-19,29.21
2021-04-20,28.88
2021-04-21,28.87
2021-04-22,28.72
2021-04-23,28.6
2021-04-26,28.24
2021-04-27,28.15
2021-04-28,28.34
2021-04-29,27.99
2021-04-30,27.2
2021-05-03,26.35
2021-05-04,25.96
2021-05-05,26.17
2021-05-06,26.89
2021-05-07,27.64
2021-05-10,28.82
2021-05-11,28.57
2021-05-12,28.08
2021-05-13,28.0
2021-05-14,28.56
2021-05-18,28.52
2021-05-19,28.11
2021-05-20,27.43
2021-05-21,27.26
2021-05-24,27.1
2021-05-25,26.99
2021-05-26,26.7
2021-05-27,26.98
2021-05-28,27.27
2021-06-01,28.07
2021-06-02,28.57
2021-06-03,28.55
2021-06-04,29.1
2021-06-08,29.12
2021-06-09,29.24
2021-06-10,29.31
2021-06-11,29.25
2021-06-15,28.53
2021-06-16,28.33
2021-06-17,27.8
2021-06-18,27.64
2021-06-21,27.56
2021-06-22,27.62
2021-06-23,27.61
2021-06-24,28.52
2021-06-25,28.79
2021-06-28,28.62
2021-06-29,27.77
2021-06-30,27.87
2021-07-01,27.72
2021-07-02,28.53
2021-07-06,28.02
2021-07-07,27.7
2021-07-08,27.6
2021-07-09,27.99
2021-07-12,28.0
2021-07-13,27.91
2021-07-14,27.88
2021-07-15,27.58
2021-07-16,27.56
2021-07-19,26.53
2021-07-21,26.95
2021-07-22,26.69
2021-07-23,26.72
2021-07-26,26.68
2021-07-27,26.49
2021-07-28,26.69
2021-07-29,26.98
2021-07-30,26.5
2021-08-02,26.35
2021-08-03,26.18
2021-08-04,26.28
2021-08-05,26.1
2021-08-06,25.86
2021-08-09,25.81
2021-08-10,26.1
2021-08-11,26.37
2021-08-12,27.1
2021-08-13,27.3
2021-08-17,27.42
2021-08-18,28.3
2021-08-19,28.07
2021-08-20,28.31
2021-08-23,28.31
2021-08-24,28.49
2021-08-25,28.3
2021-08-26,28.08
2021-08-27,28.56
2021-08-30,28.71
2021-08-31,28.98
2021-09-01,29.059999
2021-09-02,29.09
2021-09-03,28.78
2021-09-07,28.61
2021-09-08,28.4
2021-09-09,28.42
2021-09-10,28.32
2021-09-13,28.32
2021-09-14,28.09
2021-09-15,28.54
2021-09-16,28.56
2021-09-17,28.42
2021-09-20,27.8
2021-09-21,27.59
2021-09-22,28.17
2021-09-23,28.33
2021-09-24,28.08
2021-09-27,28.81
2021-09-28,29.0
2021-09-29,28.96
2021-09-30,29.34
2021-10-01,29.63
2021-10-04,29.9
2021-10-05,29.97
2021-10-06,29.9
2021-10-07,30.57
2021-10-08,30.67
2021-10-11,30.82
2021-10-12,30.75
2021-10-13,30.8
2021-10-14,30.91
2021-10-15,31.26
2021-10-19,31.059999
2021-10-20,31.040001
2021-10-21,30.8
2021-10-22,30.75
2021-10-25,30.85
2021-10-26,31.17
2021-10-27,31.02
2021-10-28,31.0
2021-10-29,30.83
2021-11-02,30.56
2021-11-03,30.46
2021-11-04,30.13
2021-11-05,29.97
2021-11-08,30.07
2021-11-09,29.86
2021-11-10,29.62
2021-11-11,29.5
2021-11-12,29.41
2021-11-16,28.88
2021-11-17,28.33
2021-11-18,28.43
2021-11-19,28.15
2021-11-22,28.41
2021-11-23,28.26
2021-11-24,28.13
2021-11-26,27.66
2021-11-29,27.83
2021-11-30,28.28
2021-12-01,29.55
2021-12-02,30.17
2021-12-03,29.95
2021-12-06,30.17
2021-12-07,30.32
2021-12-09,29.48
2021-12-10,29.23
2021-12-13,28.68
2021-12-14,28.0
2021-12-15,28.28
2021-12-16,28.9
2021-12-17,28.9
2021-12-20,28.23
2021-12-21,28.54
2021-12-22,28.68
2021-12-23,28.68
2021-12-27,29.030001
2021-12-28,29.11
2021-12-29,28.75
2021-12-30,28.33
2022-01-03,28.46
2022-01-04,28.42
2022-01-05,28.13
2022-01-06,27.77
2022-01-07,27.94
2022-01-11,28.77
2022-01-12,29.58
2022-01-13,29.73
2022-01-14,29.36
2022-01-18,30.99
2022-01-19,31.37
2022-01-20,30.96
2022-01-21,30.68
2022-01-24,30.46
2022-01-25,30.61
2022-01-26,30.91
2022-01-27,30.69
2022-01-28,30.91
2022-01-31,31.16
2022-02-01,31.36
2022-02-02,31.21
2022-02-03,30.69
2022-02-04,30.63
2022-02-07,30.85
2022-02-08,30.91
2022-02-09,31.030001
2022-02-10,30.44
2022-02-11,30.13
2022-02-14,30.42
2022-02-15,30.22
2022-02-16,30.52
2022-02-17,30.46
2022-02-18,30.39
2022-02-22,30.37
2022-02-23,30.9
2022-02-24,30.89
2022-02-25,31.11
2022-02-28,31.5
2022-03-01,31.79
2022-03-02,32.29
2022-03-03,32.82
2022-03-04,32.6
2022-03-07,32.43
2022-03-08,32.54
2022-03-09,33.34
2022-03-10,32.97
2022-03-11,32.62
2022-03-14,32.44
2022-03-15,32.15
2022-03-16,32.32
2022-03-17,32.78
2022-03-18,32.81
2022-03-22,33.66
2022-03-23,34.049999
2022-03-24,34.060001
2022-03-25,34.42
2022-03-28,34.63
2022-03-29,34.73
2022-03-30,34.39
2022-03-31,34.26
2022-04-01,34.79
2022-04-04,35.099998
2022-04-05,34.94
2022-04-06,34.76
2022-04-07,34.42
2022-04-08,34.65
2022-04-11,34.47
2022-04-12,34.41
2022-04-13,34.79
2022-04-18,34.68
2022-04-19,34.51
2022-04-20,34.73
2022-04-21,34.6
2022-04-22,33.88
2022-04-25,33.18
2022-04-26,32.57
2022-04-27,32.69
2022-04-28,32.44
2022-04-29,32.3
2022-05-02,31.72
2022-05-03,31.87
2022-05-04,32.060001
2022-05-05,31.44
2022-05-06,31.12
2022-05-09,29.85
2022-05-10,29.85
2022-05-11,29.82
2022-05-12,29.71
2022-05-13,29.83
2022-05-16,30.59
2022-05-17,30.31
2022-05-18,29.37
2022-05-19,28.58
2022-05-20,29.68
2022-05-23,30.15
2022-05-24,30.41
2022-05-25,30.76
2022-05-26,31.41
2022-05-27,31.7
2022-05-31,34.23
2022-06-01,34.040001
2022-06-02,34.41
2022-06-03,34.21
2022-06-06,33.77
2022-06-07,33.68
2022-06-08,33.44
2022-06-09,32.51
2022-06-10,31.53
2022-06-13,30.08
2022-06-14,30.16
2022-06-15,30.86
2022-06-16,30.09
2022-06-17,30.07
2022-06-21,27.66
2022-06-22,27.55
2022-06-23,26.37
2022-06-24,26.71
2022-06-28,27.22
2022-06-29,25.36
2022-06-30,24.9
2022-07-01,24.66
2022-07-05,24.14
2022-07-06,23.54
2022-07-07,23.72
2022-07-08,23.56
2022-07-11,22.76
2022-07-12,22.28
2022-07-13,22.28
2022-07-14,21.77
2022-07-15,22.31
2022-07-18,22.75
2022-07-19,23.41
2022-07-21,23.01
2022-07-22,22.54
2022-07-25,22.63
2022-07-26,22.78
2022-07-27,23.18
2022-07-28,23.63
2022-07-29,23.8
2022-08-01,23.45
2022-08-02,23.46
2022-08-03,23.48
2022-08-04,23.42
2022-08-05,23.48
2022-08-08,24.15
2022-08-09,23.94
2022-08-10,24.35
2022-08-11,24.73
2022-08-12,25.16
2022-08-16,24.62
2022-08-17,24.22
2022-08-18,23.99
2022-08-19,23.71
2022-08-22,23.37
2022-08-23,23.59
2022-08-24,23.43
2022-08-25,23.56
2022-08-26,23.44
2022-08-29,23.53
2022-08-30,23.030001
2022-08-31,22.4
2022-09-01,21.97
2022-09-02,22.15
2022-09-06,22.08
2022-09-07,22.15
2022-09-08,21.9
2022-09-09,22.38
2022-09-12,23.049999
2022-09-13,22.58
2022-09-14,22.59
2022-09-15,22.049999
2022-09-16,21.55
2022-09-19,21.91
2022-09-20,21.81
2022-09-21,21.5
2022-09-22,21.67
2022-09-23,20.61
2022-09-26,19.48
2022-09-27,19.35
2022-09-28,19.93
2022-09-29,19.69
2022-09-30,19.59
2022-10-03,20.1
2022-10-04,21.21
2022-10-05,20.99
2022-10-06,21.049999
2022-10-07,20.72
2022-10-10,20.51
2022-10-11,20.36
2022-10-12,20.0
2022-10-13,20.49
2022-10-14,19.54
2022-10-18,19.67
2022-10-19,19.61
2022-10-20,19.21
2022-10-21,19.16
2022-10-24,18.8
2022-10-25,18.73
2022-10-26,19.040001
2022-10-27,19.27
2022-10-28,19.53
2022-10-31,19.3
2022-11-01,19.76
2022-11-02,19.44
2022-11-03,18.99
2022-11-04,19.13
2022-11-08,19.66
2022-11-09,19.75
2022-11-10,20.42
2022-11-11,20.38
2022-11-15,20.85
2022-11-16,20.34
2022-11-17,20.07
2022-11-18,20.030001
2022-11-21,19.92
2022-11-22,20.33
2022-11-23,20.58
2022-11-25,20.64
2022-11-28,20.32
2022-11-29,20.76
2022-11-30,20.81
2022-12-01,20.81
2022-12-02,20.57
2022-12-05,20.059999
2022-12-06,20.16
2022-12-07,20.1
2022-12-09,20.15
2022-12-12,20.07
2022-12-13,20.42
2022-12-14,20.16
2022-12-15,20.12
2022-12-16,19.87
2022-12-19,19.88
2022-12-20,20.059999
2022-12-21,20.43
2022-12-22,20.3
2022-12-23,20.69
2022-12-27,20.75
2022-12-28,20.88
2022-12-29,20.18
2023-01-03,19.76
2023-01-04,19.76
2023-01-05,19.95
2023-01-06,20.67
2023-01-10,21.16
2023-01-11,21.39
2023-01-12,21.57
2023-01-13,21.71
2023-01-17,21.59
2023-01-18,21.69
2023-01-19,21.6
2023-01-20,22.1
2023-01-23,22.34
2023-01-24,22.22
2023-01-25,22.049999
2023-01-26,21.96
2023-01-27,21.52
2023-01-30,21.059999
2023-01-31,21.12
2023-02-01,21.23
2023-02-02,20.9
2023-02-03,20.63
2023-02-06,20.26
2023-02-07,20.5
2023-02-08,20.28
2023-02-09,20.040001
2023-02-10,19.95
2023-02-13,19.84
2023-02-14,19.52
2023-02-15,19.07
2023-02-16,19.12
2023-02-17,18.95
2023-02-21,18.66
2023-02-22,18.7
2023-02-23,18.83
2023-02-24,18.82
2023-02-27,19.18
2023-02-28,18.81
2023-03-01,18.97
2023-03-02,19.08
2023-03-03,19.52
2023-03-06,19.85
2023-03-07,19.66
2023-03-08,19.67
2023-03-09,19.2
2023-03-10,19.059999
2023-03-13,18.57
2023-03-14,18.66
2023-03-15,17.73
2023-03-16,18.049999
2023-03-17,17.75
2023-03-21,18.22
2023-03-22,17.96
2023-03-23,17.89
2023-03-24,17.77
2023-03-27,18.29
2023-03-28,18.5
2023-03-29,18.81
2023-03-30,19.059999
2023-03-31,19.31
2023-04-03,19.66
2023-04-04,19.75
2023-04-05,19.71
2023-04-10,19.97
2023-04-11,20.47
2023-04-12,20.74
2023-04-13,21.09
2023-04-14,21.2
2023-04-17,21.36
2023-04-18,21.049999
2023-04-19,20.8
2023-04-20,20.78
2023-04-21,20.74
2023-04-24,21.049999
2023-04-25,20.09
2023-04-26,19.83
2023-04-27,19.29
2023-04-28,19.64
2023-05-02,19.2
2023-05-03,19.1
2023-05-04,19.16
2023-05-05,19.83
2023-05-08,19.99
2023-05-09,19.8
2023-05-10,19.88
2023-05-11,19.56
2023-05-12,19.66
2023-05-15,19.84
2023-05-16,19.48
2023-05-17,19.64
2023-05-18,19.43
2023-05-19,19.5
2023-05-23,19.77
2023-05-24,19.48
2023-05-25,19.08
2023-05-26,19.36
2023-05-30,19.48
2023-05-31,19.24
2023-06-01,19.85
2023-06-02,20.57
2023-06-05,20.85
2023-06-06,21.58
2023-06-07,21.83
2023-06-08,21.91
2023-06-09,21.64
2023-06-13,21.85
2023-06-14,21.76
2023-06-15,22.0
2023-06-16,22.02
2023-06-20,21.66
2023-06-21,21.64
2023-06-22,21.5
2023-06-23,21.030001
2023-06-26,21.19
2023-06-27,21.24
2023-06-28,21.25
2023-06-29,20.89
2023-06-30,20.94
2023-07-05,21.059999
2023-07-06,20.34
2023-07-07,21.1
2023-07-10,21.16
2023-07-11,21.3
2023-07-12,21.72
2023-07-13,22.19
2023-07-14,21.98
2023-07-17,22.2
2023-07-18,22.51
2023-07-19,22.66
2023-07-21,22.65
2023-07-24,22.55
2023-07-25,22.62
2023-07-26,22.59
2023-07-27,22.48
2023-07-28,22.76
2023-07-31,23.049999
2023-08-01,22.54
2023-08-02,21.91
2023-08-03,21.51
2023-08-04,22.14
2023-08-08,21.83
2023-08-09,22.040001
2023-08-10,21.97
2023-08-11,21.86
2023-08-14,21.35
2023-08-15,20.89
2023-08-16,20.72
2023-08-17,20.68
2023-08-18,20.71
2023-08-22,20.33
2023-08-23,20.24
2023-08-24,20.26
2023-08-25,20.13
2023-08-28,20.27
2023-08-29,20.56
2023-08-30,20.89
2023-08-31,20.4
2023-09-01,20.23
2023-09-05,19.71
2023-09-06,19.42
2023-09-07,19.85
2023-09-08,20.2
2023-09-11,20.33
2023-09-12,20.54
2023-09-13,20.54
2023-09-14,20.85
2023-09-15,20.87
2023-09-18,21.2
2023-09-19,21.15
2023-09-20,21.37
2023-09-21,20.88
2023-09-22,20.88
2023-09-25,20.86
2023-09-26,20.51
2023-09-27,20.61
2023-09-28,20.94
2023-09-29,21.08
2023-10-02,20.67
2023-10-03,20.09
2023-10-04,19.91
2023-10-05,19.5
2023-10-06,19.59
2023-10-09,19.91
2023-10-10,20.53
2023-10-11,20.4
2023-10-12,20.23
2023-10-13,20.25
2023-10-17,20.69
2023-10-18,20.61
2023-10-19,20.5
2023-10-20,20.41
2023-10-23,19.92
2023-10-24,19.93
2023-10-25,20.02
2023-10-26,20.25
2023-10-27,20.26
2023-10-30,20.36
2023-10-31,20.030001
2023-11-01,20.16
2023-11-02,20.65
2023-11-03,21.15
2023-11-07,20.43
2023-11-08,20.22
2023-11-09,20.54
2023-11-10,20.81
2023-11-14,21.049999
2023-11-15,20.88
2023-11-16,20.57
2023-11-17,21.030001
2023-11-20,21.36
2023-11-21,21.13
2023-11-22,21.52
2023-11-24,21.66
2023-11-27,21.81
2023-11-28,22.02
2023-11-29,21.7
2023-11-30,21.71
2023-12-01,22.18
2023-12-04,22.049999
2023-12-05,21.9
2023-12-06,21.68
2023-12-07,21.78
2023-12-11,21.94
2023-12-12,21.86
2023-12-13,22.45
2023-12-14,22.89
2023-12-15,22.88
2023-12-18,23.030001
2023-12-19,22.99
2023-12-20,22.98
2023-12-21,23.1
2023-12-22,23.39
2023-12-26,24.12
2023-12-27,24.32
2023-12-28,23.030001
2024-01-02,23.28
2024-01-03,23.01
2024-01-04,23.57
2024-01-05,24.44
2024-01-09,24.31
2024-01-10,23.95
2024-01-11,24.13
2024-01-12,24.030001
2024-01-16,23.78
2024-01-17,23.67
2024-01-18,23.58
2024-01-19,23.51
2024-01-22,23.73
2024-01-23,23.41
2024-01-24,23.15
2024-01-25,23.29
2024-01-26,23.64
2024-01-29,23.7
2024-01-30,23.52
2024-01-31,23.64
2024-02-01,23.75
2024-02-02,23.12
2024-02-05,22.97
2024-02-06,23.07
2024-02-07,23.09
2024-02-08,23.09
2024-02-09,22.81
2024-02-12,22.83
2024-02-13,22.61
2024-02-14,22.43
2024-02-15,22.72
2024-02-16,22.85
2024-02-20,22.54
2024-02-21,22.96
2024-02-22,23.059999
2024-02-23,23.17
2024-02-26,23.2
2024-02-27,23.31
2024-02-28,23.29
2024-02-29,23.42
2024-03-01,23.23
2024-03-04,23.31
2024-03-05,23.29
2024-03-06,23.74
2024-03-07,23.83
2024-03-08,23.8
2024-03-11,23.82
2024-03-12,23.5
2024-03-13,23.73
2024-03-14,23.72
2024-03-15,23.87
2024-03-18,24.16
2024-03-19,24.22
2024-03-20,24.28
2024-03-21,24.34
2024-03-22,24.53
2024-03-26,24.71
2024-03-27,25.07
2024-04-01,25.2
2024-04-02,25.84
2024-04-03,26.38
2024-04-04,26.7
2024-04-05,26.78
2024-04-08,26.92
2024-04-09,27.27
2024-04-10,26.66
2024-04-11,27.01
2024-04-12,26.4
2024-04-15,25.69
2024-04-16,25.49
2024-04-17,25.25
2024-04-18,24.69
2024-04-19,25.030001
2024-04-22,25.28
2024-04-23,25.46
2024-04-24,25.1
2024-04-25,25.1
2024-04-26,25.53
2024-04-29,26.21
2024-04-30,25.59
2024-05-02,25.83
2024-05-03,25.82
2024-05-06,26.32
2024-05-07,26.09
2024-05-08,26.049999
2024-05-09,26.24
2024-05-10,26.46
2024-05-14,27.040001
2024-05-15,27.23
2024-05-16,27.28
2024-05-17,27.55
2024-05-20,27.74
2024-05-21,27.87
2024-05-22,27.1
2024-05-23,26.95
2024-05-24,26.88
2024-05-28,26.96
2024-05-29,26.59
2024-05-30,26.8
2024-05-31,26.7
2024-06-04,26.44
2024-06-05,26.45
2024-06-06,26.35
2024-06-07,26.27
2024-06-11,25.71
2024-06-12,25.42
2024-06-13,24.82
2024-06-14,24.57
2024-06-17,24.49
2024-06-18,24.93
2024-06-20,24.6
2024-06-21,24.51
2024-06-24,25.17
2024-06-25,24.9
2024-06-26,24.98
2024-06-27,24.55
2024-06-28,24.62
2024-07-02,24.76
2024-07-03,24.9
2024-07-05,25.040001
2024-07-08,25.040001
2024-07-09,25.059999
2024-07-10,25.46
2024-07-11,25.54
2024-07-12,25.86
2024-07-15,25.74
2024-07-16,25.43
2024-07-17,25.33
2024-07-18,24.84
2024-07-19,24.91
2024-07-22,25.18
2024-07-23,25.13
2024-07-24,24.59
2024-07-25,24.75
2024-07-26,24.75
2024-07-29,24.4
2024-07-30,24.31
2024-07-31,24.72
2024-08-01,23.98
2024-08-02,23.45
2024-08-05,22.98
2024-08-06,23.13
2024-08-08,23.72
2024-08-09,23.89
2024-08-12,24.27
2024-08-13,24.72
2024-08-14,24.91
2024-08-15,25.030001
2024-08-16,24.73
2024-08-20,24.78
2024-08-21,24.7
2024-08-22,24.45
2024-08-23,24.6
2024-08-26,24.75
2024-08-27,24.58
2024-08-28,24.19
2024-08-29,23.99
2024-08-30,23.74
2024-09-03,23.49
2024-09-04,23.55
2024-09-05,23.5
2024-09-06,23.29
2024-09-09,22.91
2024-09-10,22.47
2024-09-11,22.63
2024-09-12,23.049999
2024-09-13,23.39
2024-09-16,23.11
2024-09-17,23.13
2024-09-18,23.17
2024-09-19,23.3
2024-09-20,23.22
2024-09-23,23.44
2024-09-24,23.74
2024-09-25,23.45
2024-09-26,23.83
2024-09-27,23.63
2024-09-30,23.49
2024-10-01,23.54
2024-10-02,23.43
2024-10-03,23.43
2024-10-04,23.48
2024-10-07,23.52
2024-10-08,23.43
2024-10-09,23.49
2024-10-10,23.52
2024-10-11,23.66
2024-10-15,23.66
2024-10-16,23.39
2024-10-17,23.63
2024-10-18,23.97
2024-10-21,23.98
2024-10-22,23.89
2024-10-23,23.21
2024-10-24,23.21
2024-10-25,23.41
2024-10-28,23.24
2024-10-29,23.01
2024-10-30,22.91
2024-10-31,22.91
2024-11-01,22.78
2024-11-05,23.01
2024-11-06,23.08
2024-11-07,23.44
2024-11-08,23.14
2024-11-12,22.82
2024-11-13,22.4
2024-11-14,22.65
2024-11-15,22.88
2024-11-18,23.34
2024-11-19,23.36
2024-11-20,23.52
2024-11-21,23.7
2024-11-22,23.7
2024-11-25,24.08
2024-11-26,23.86
2024-11-27,24.040001
2024-11-29,23.9
2024-12-02,23.88
2024-12-03,24.0
2024-12-04,23.93
2024-12-05,24.22
2024-12-06,24.030001
2024-12-09,24.21
2024-12-10,24.17
2024-12-11,24.42
2024-12-12,24.3
2024-12-13,24.18
2024-12-16,24.07
2024-12-17,24.030001
2024-12-18,23.49
2024-12-19,23.36
2024-12-20,23.44
2024-12-23,23.29
2024-12-24,23.76
2024-12-26,23.67
2024-12-27,23.64
2024-12-30,22.6
2025-01-02,23.28
2025-01-03,23.42
2025-01-07,23.85
2025-01-08,23.85
2025-01-10,23.59
2025-01-13,23.65
2025-01-14,23.77
2025-01-15,23.9
2025-01-16,23.63
2025-01-17,23.73
2025-01-21,23.85
2025-01-22,23.93
2025-01-23,24.33
2025-01-24,24.6
2025-01-27,24.69
2025-01-28,25.049999
2025-01-29,25.75
2025-01-30,26.18
2025-01-31,25.64
2025-02-03,25.58
2025-02-04,25.89
2025-02-05,25.79
2025-02-06,26.17
2025-02-07,26.19
2025-02-10,26.26
2025-02-11,26.35
2025-02-12,26.11
2025-02-13,26.34
2025-02-14,26.6
2025-02-18,27.049999
2025-02-19,27.49
2025-02-20,28.07
2025-02-21,27.74
2025-02-24,27.94
2025-02-25,27.86
2025-02-26,27.82
2025-02-27,27.4
2025-02-28,27.21
2025-03-03,26.7
2025-03-04,26.39
2025-03-05,26.98
2025-03-06,27.030001
2025-03-07,27.21
2025-03-10,26.43
2025-03-11,26.66
2025-03-12,27.08
2025-03-13,27.01
2025-03-14,27.58
2025-03-17,28.049999
2025-03-18,27.56
2025-03-19,27.43
2025-03-20,27.18
2025-03-21,27.18
2025-03-25,27.7
2025-03-26,27.64
2025-03-27,27.47
2025-03-28,27.030001
2025-03-31,27.5
2025-04-01,28.049999
2025-04-02,28.29
2025-04-03,28.040001
2025-04-04,26.37
2025-04-07,25.63
2025-04-08,24.56
2025-04-09,26.15
2025-04-10,24.89
2025-04-11,25.62
2025-04-14,25.95
2025-04-15,25.87
2025-04-16,26.46
2025-04-21,26.6
2025-04-22,26.99
2025-04-23,26.73
2025-04-24,27.22
2025-04-25,27.41
2025-04-28,27.5
2025-04-29,27.66
2025-04-30,27.25
2025-05-02,27.59
2025-05-05,27.5
2025-05-06,27.68
2025-05-07,27.8
2025-05-08,28.37
2025-05-09,28.49
2025-05-12,28.63
2025-05-13,29.28
2025-05-14,29.3
2025-05-15,29.040001
2025-05-16,29.14
2025-05-19,29.1
2025-05-20,29.29
2025-05-21,29.02
2025-05-22,28.91
2025-05-23,29.22
2025-05-27,29.3
2025-05-28,29.37
2025-05-29,29.38
2025-05-30,28.93
2025-06-03,29.55
2025-06-04,29.69
2025-06-05,29.79
2025-06-06,29.85
2025-06-09,29.45
2025-06-10,29.11
2025-06-11,29.49
2025-06-12,29.45
2025-06-13,29.42
2025-06-16,29.43
2025-06-17,29.3
2025-06-18,29.57
2025-06-20,29.41
2025-06-24,29.44
2025-06-25,29.72
2025-06-26,30.01
2025-06-27,28.77
2025-07-01,29.26
2025-07-02,29.63
2025-07-03,29.91
2025-07-07,29.23
2025-07-08,29.25
2025-07-09,29.040001
2025-07-10,29.14
2025-07-11,29.18
2025-07-14,29.15
2025-07-15,29.2
2025-07-16,29.22
2025-07-17,29.88
2025-07-18,29.99
2025-07-21,29.79
2025-07-22,29.5
2025-07-23,29.72
2025-07-24,29.3
2025-07-25,28.9526
2025-07-28,29.049999
2025-07-29,29.457
2025-07-30,29.25
2025-07-31,29.0847
2025-08-01,29.24
2025-08-04,29.72
2025-08-05,29.94
2025-08-06,30.3
2025-08-08,30.7
2025-08-11,31.049999
2025-08-12,31.15
2025-08-13,31.26
2025-08-14,31.13
2025-08-15,31.35
2025-08-19,31.38
2025-08-20,31.44
2025-08-21,31.4
2025-08-22,31.86
2025-08-25,31.76
2025-08-26,31.78
2025-08-27,31.81
2025-08-28,31.87
2025-08-29,31.98
2025-09-02,31.96
2025-09-03,31.9
2025-09-04,32.32
2025-09-05,32.59
2025-09-08,32.78
2025-09-09,32.74
2025-09-10,32.83
2025-09-11,32.98
2025-09-12,32.57
2025-09-15,32.69
2025-09-16,32.81
2025-09-17,32.62
2025-09-18,32.42
2025-09-19,32.89
2025-09-22,33.35
2025-09-23,33.5241
2025-09-24,33.37
2025-09-25,33.099998
2025-09-26,33.060001
2025-09-29,32.69
2025-09-30,32.83
2025-10-01,32.82
2025-10-02,32.71
2025-10-03,32.8
2025-10-06,33.15
2025-10-07,32.85
2025-10-08,32.99
2025-10-09,33.13
2025-10-10,32.43
2025-10-14,33.099998
2025-10-15,33.21
2025-10-16,33.62
2025-10-17,33.81
2025-10-20,33.41
2025-10-21,32.99
2025-10-22,33.21
2025-10-23,33.8
2025-10-27,34.7
2025-10-28,34.65
2025-10-29,34.79
2025-10-30,35.166
2025-10-31,35.17
2025-11-04,35.325
2025-11-05,36.09
2025-11-06,36.67
2025-11-07,37.12
2025-11-10,37.42
2025-11-11,37.73
2025-11-12,37.93
2025-11-13,37.18
2025-11-14,36.84
2025-11-18,37.14
2025-11-19,37.09
2025-11-20,36.36
2025-11-21,35.57
2025-11-24,35.93
2025-11-25,36.080002
2025-11-26,36.79
2025-11-28,37.26
2025-12-01,37.0
2025-12-02,37.281
2025-12-03,37.4933
2025-12-04,37.82
2025-12-05,37.049999
2025-12-09,37.27
2025-12-10,37.37
2025-12-11,37.46
2025-12-12,37.77
2025-12-15,37.52
2025-12-16,36.87
2025-12-17,36.37
2025-12-18,36.55
2025-12-19,36.89
2025-12-22,37.11
2025-12-23,37.8
2025-12-24,38.4
2025-12-26,38.37
2025-12-29,38.49
2025-12-30,35.92
2026-01-02,35.32
2026-01-05,37.099998
2026-01-06,37.59
2026-01-07,37.13
2026-01-08,37.86
2026-01-09,37.95
2026-01-13,38.87
2026-01-14,39.07
2026-01-15,39.4
2026-01-16,40.24
2026-01-20,41.24
2026-01-21,42.15
2026-01-22,42.17
2026-01-23,42.91
2026-01-26,43.09
2026-01-27,43.62
2026-01-28,43.14
2026-01-29,43.21
2026-01-30,41.96
2026-02-02,41.96
2026-02-03,42.12
2026-02-04,41.25
2026-02-05,39.88
2026-02-06,41.080002
2026-02-09,41.81
2026-02-10,41.66
2026-02-11,41.25
2026-02-12,40.13
2026-02-13,41.12
2026-02-17,41.19
2026-02-18,40.95
2026-02-19,41.19
2026-02-20,41.55
2026-02-23,42.42
2026-02-24,41.39
2026-02-25,41.0
2026-02-26,39.3
2026-02-27,38.92
2026-03-02,37.36
2026-03-03,36.48
2026-03-04,37.2
2026-03-05,36.88
2026-03-06,36.6
2026-03-09,37.4
2026-03-10,38.54
2026-03-11,38.71
2026-03-12,38.15
2026-03-13,37.41
2026-03-16,37.61
2026-03-17,37.6
2026-03-18,37.37
2026-03-19,37.54
2026-03-20,37.27
2026-03-24,37.98
2026-03-25,38.67
2026-03-26,38.37
2026-03-27,38.15
2026-03-30,38.9
2026-03-31,39.56
2026-04-01,39.71
