fecha,canasta_tickers,pares_precio_validos,retornos_atipicos,cobertura_canasta,retorno_equiponderado_pct,lideres_tickers,lideres_pares_validos,lideres_atipicos,cobertura_lideres,retorno_lideres_pct,estado,metodologia
2009-02-01,17,17,0,1.0,-1.701487,6,6,0,1.0,-1.604237,revisable,precios_mensuales_sin_ajustes_corporativos_verificados
2009-03-01,17,17,0,1.0,3.16218,6,6,0,1.0,2.658529,revisable,precios_mensuales_sin_ajustes_corporativos_verificados
2009-04-01,17,17,0,1.0,8.522552,6,6,0,1.0,7.00835,revisable,precios_mensuales_sin_ajustes_corporativos_verificados
2009-05-01,17,17,0,1.0,8.636139,6,6,0,1.0,10.466139,revisable,precios_mensuales_sin_ajustes_corporativos_verificados
2009-06-01,17,17,0,1.0,5.997907,6,6,0,1.0,6.236606,revisable,precios_mensuales_sin_ajustes_corporativos_verificados
2009-07-01,17,17,0,1.0,3.498874,6,6,0,1.0,5.595669,revisable,precios_mensuales_sin_ajustes_corporativos_verificados
2009-08-01,17,17,0,1.0,4.734428,6,6,0,1.0,4.727034,revisable,precios_mensuales_sin_ajustes_corporativos_verificados
2009-09-01,17,17,0,1.0,7.726509,6,6,0,1.0,12.526746,revisable,precios_mensuales_sin_ajustes_corporativos_verificados
2009-10-01,17,17,0,1.0,-4.693811,6,6,0,1.0,-6.455804,revisable,precios_mensuales_sin_ajustes_corporativos_verificados
2009-11-01,18,18,0,1.0,6.265216,6,6,0,1.0,5.086115,revisable,precios_mensuales_sin_ajustes_corporativos_verificados
2009-12-01,18,18,0,1.0,4.16898,6,6,0,1.0,4.823833,revisable,precios_mensuales_sin_ajustes_corporativos_verificados
2010-01-01,18,18,0,1.0,-0.472664,6,6,0,1.0,-0.825887,revisable,precios_mensuales_sin_ajustes_corporativos_verificados
2010-02-01,18,18,0,1.0,1.393394,6,6,0,1.0,1.896501,revisable,precios_mensuales_sin_ajustes_corporativos_verificados
2010-03-01,18,18,0,1.0,3.599796,6,6,0,1.0,3.095045,revisable,precios_mensuales_sin_ajustes_corporativos_verificados
2010-04-01,18,18,0,1.0,2.27521,6,6,0,1.0,1.997382,revisable,precios_mensuales_sin_ajustes_corporativos_verificados
2010-05-01,19,19,0,1.0,-2.850749,5,5,0,1.0,-0.803699,revisable,precios_mensuales_sin_ajustes_corporativos_verificados
2010-06-01,19,19,0,1.0,1.157536,5,5,0,1.0,1.594847,revisable,precios_mensuales_sin_ajustes_corporativos_verificados
2010-07-01,19,19,0,1.0,4.95018,5,5,0,1.0,8.118946,revisable,precios_mensuales_sin_ajustes_corporativos_verificados
2010-08-01,19,19,0,1.0,5.955847,5,5,0,1.0,6.529506,revisable,precios_mensuales_sin_ajustes_corporativos_verificados
2010-09-01,19,19,0,1.0,3.281153,5,5,0,1.0,6.520557,revisable,precios_mensuales_sin_ajustes_corporativos_verificados
2010-10-01,19,19,0,1.0,5.143511,5,5,0,1.0,6.577392,revisable,precios_mensuales_sin_ajustes_corporativos_verificados
2010-11-01,19,19,0,1.0,-5.095176,5,5,0,1.0,-8.758071,revisable,precios_mensuales_sin_ajustes_corporativos_verificados
2010-12-01,19,19,0,1.0,3.243363,5,5,0,1.0,2.093133,revisable,precios_mensuales_sin_ajustes_corporativos_verificados
2011-01-01,19,19,0,1.0,-0.975791,5,5,0,1.0,-5.541103,revisable,precios_mensuales_sin_ajustes_corporativos_verificados
2011-02-01,18,18,0,1.0,-0.022077,5,5,0,1.0,-1.418094,revisable,precios_mensuales_sin_ajustes_corporativos_verificados
2011-03-01,18,18,0,1.0,2.393817,5,5,0,1.0,2.242901,revisable,precios_mensuales_sin_ajustes_corporativos_verificados
2011-04-01,18,18,0,1.0,-0.911197,5,5,0,1.0,-1.291536,revisable,precios_mensuales_sin_ajustes_corporativos_verificados
2011-05-01,18,18,0,1.0,5.055836,6,6,0,1.0,6.231586,revisable,precios_mensuales_sin_ajustes_corporativos_verificados
2011-06-01,18,18,0,1.0,-1.564397,6,6,0,1.0,-3.700615,revisable,precios_mensuales_sin_ajustes_corporativos_verificados
2011-07-01,18,18,0,1.0,-3.337368,6,6,0,1.0,-3.935351,revisable,precios_mensuales_sin_ajustes_corporativos_verificados
2011-08-01,18,18,0,1.0,-2.515482,6,6,0,1.0,0.361306,revisable,precios_mensuales_sin_ajustes_corporativos_verificados
2011-09-01,18,18,0,1.0,-2.421704,6,6,0,1.0,-3.155666,revisable,precios_mensuales_sin_ajustes_corporativos_verificados
2011-10-01,18,18,0,1.0,1.295724,6,6,0,1.0,2.222507,revisable,precios_mensuales_sin_ajustes_corporativos_verificados
2011-11-01,19,18,0,0.9474,-4.776719,6,6,0,1.0,-5.748426,revisable,precios_mensuales_sin_ajustes_corporativos_verificados
2011-12-01,19,18,0,0.9474,0.057252,6,6,0,1.0,2.537216,revisable,precios_mensuales_sin_ajustes_corporativos_verificados
2012-01-01,19,18,0,0.9474,2.794112,6,6,0,1.0,1.04386,revisable,precios_mensuales_sin_ajustes_corporativos_verificados
2012-02-01,19,17,0,0.8947,4.185043,7,7,0,1.0,4.015999,revisable,precios_mensuales_sin_ajustes_corporativos_verificados
2012-03-01,19,17,0,0.8947,0.001374,7,7,0,1.0,0.732403,revisable,precios_mensuales_sin_ajustes_corporativos_verificados
2012-04-01,19,17,0,0.8947,2.690696,7,7,0,1.0,1.302236,revisable,precios_mensuales_sin_ajustes_corporativos_verificados
2012-05-01,19,17,0,0.8947,-1.67507,7,7,0,1.0,-2.946738,revisable,precios_mensuales_sin_ajustes_corporativos_verificados
2012-06-01,19,17,0,0.8947,-3.762527,7,7,0,1.0,-2.671745,revisable,precios_mensuales_sin_ajustes_corporativos_verificados
2012-07-01,19,17,0,0.8947,2.163113,7,7,0,1.0,1.878012,revisable,precios_mensuales_sin_ajustes_corporativos_verificados
2012-08-01,19,17,0,0.8947,-0.352169,7,7,0,1.0,-1.646484,revisable,precios_mensuales_sin_ajustes_corporativos_verificados
2012-09-01,19,16,0,0.8421,1.708896,7,7,0,1.0,0.944092,revisable,precios_mensuales_sin_ajustes_corporativos_verificados
2012-10-01,20,17,0,0.85,7.076879,6,6,0,1.0,7.890909,revisable,precios_mensuales_sin_ajustes_corporativos_verificados
2012-11-01,20,18,0,0.9,-5.267644,6,6,0,1.0,-3.597077,revisable,precios_mensuales_sin_ajustes_corporativos_verificados
2012-12-01,20,17,0,0.85,3.358664,6,6,0,1.0,4.411492,revisable,precios_mensuales_sin_ajustes_corporativos_verificados
2013-01-01,20,17,0,0.85,-0.744396,6,6,0,1.0,2.988202,revisable,precios_mensuales_sin_ajustes_corporativos_verificados
2013-02-01,19,16,0,0.8421,1.029188,6,6,0,1.0,-1.113271,revisable,precios_mensuales_sin_ajustes_corporativos_verificados
2013-03-01,19,16,0,0.8421,-3.042131,6,6,0,1.0,-3.497376,revisable,precios_mensuales_sin_ajustes_corporativos_verificados
2013-04-01,19,17,0,0.8947,-6.188472,6,6,0,1.0,-4.542689,revisable,precios_mensuales_sin_ajustes_corporativos_verificados
2013-05-01,18,16,0,0.8889,1.106104,6,6,0,1.0,-1.49221,revisable,precios_mensuales_sin_ajustes_corporativos_verificados
2013-06-01,18,16,0,0.8889,-2.97028,6,6,0,1.0,-3.45663,revisable,precios_mensuales_sin_ajustes_corporativos_verificados
2013-07-01,18,16,0,0.8889,2.695503,6,6,0,1.0,4.671434,revisable,precios_mensuales_sin_ajustes_corporativos_verificados
2013-08-01,18,17,0,0.9444,4.004329,6,6,0,1.0,4.469929,revisable,precios_mensuales_sin_ajustes_corporativos_verificados
2013-09-01,18,17,0,0.9444,-0.07886,6,6,0,1.0,1.371884,revisable,precios_mensuales_sin_ajustes_corporativos_verificados
2013-10-01,18,17,0,0.9444,0.67694,6,6,0,1.0,-1.738953,revisable,precios_mensuales_sin_ajustes_corporativos_verificados
2013-11-01,18,17,0,0.9444,-5.251708,6,6,0,1.0,-7.039196,revisable,precios_mensuales_sin_ajustes_corporativos_verificados
2013-12-01,18,17,0,0.9444,-0.022897,6,6,0,1.0,-1.205516,revisable,precios_mensuales_sin_ajustes_corporativos_verificados
2014-01-01,18,17,0,0.9444,-9.063043,6,6,0,1.0,-9.28325,revisable,precios_mensuales_sin_ajustes_corporativos_verificados
2014-02-01,18,18,0,1.0,2.929195,6,6,0,1.0,4.483359,revisable,precios_mensuales_sin_ajustes_corporativos_verificados
2014-03-01,18,18,0,1.0,10.367009,6,6,0,1.0,11.674907,revisable,precios_mensuales_sin_ajustes_corporativos_verificados
2014-04-01,18,18,0,1.0,-0.52185,6,6,0,1.0,-0.713521,revisable,precios_mensuales_sin_ajustes_corporativos_verificados
2014-05-01,18,18,0,1.0,0.031362,6,6,0,1.0,-1.374999,revisable,precios_mensuales_sin_ajustes_corporativos_verificados
2014-06-01,18,18,0,1.0,3.388467,6,6,0,1.0,2.489907,revisable,precios_mensuales_sin_ajustes_corporativos_verificados
2014-07-01,18,18,0,1.0,0.669747,6,6,0,1.0,0.206786,revisable,precios_mensuales_sin_ajustes_corporativos_verificados
2014-08-01,18,18,0,1.0,3.803071,7,7,0,1.0,4.7665,revisable,precios_mensuales_sin_ajustes_corporativos_verificados
2014-09-01,18,18,0,1.0,-6.163399,7,7,0,1.0,-4.849248,revisable,precios_mensuales_sin_ajustes_corporativos_verificados
2014-10-01,18,18,0,1.0,-1.25929,7,7,0,1.0,-1.7994,revisable,precios_mensuales_sin_ajustes_corporativos_verificados
2014-11-01,18,18,0,1.0,-5.875147,7,7,0,1.0,-5.736275,revisable,precios_mensuales_sin_ajustes_corporativos_verificados
2014-12-01,18,18,0,1.0,-1.310973,7,7,0,1.0,-1.191223,revisable,precios_mensuales_sin_ajustes_corporativos_verificados
2015-01-01,18,18,0,1.0,-10.390825,7,7,0,1.0,-7.124651,revisable,precios_mensuales_sin_ajustes_corporativos_verificados
2015-02-01,18,18,0,1.0,2.383022,7,7,0,1.0,-1.142271,revisable,precios_mensuales_sin_ajustes_corporativos_verificados
2015-03-01,18,18,0,1.0,-5.010621,7,7,0,1.0,-5.52636,revisable,precios_mensuales_sin_ajustes_corporativos_verificados
2015-04-01,18,18,0,1.0,8.747138,7,7,0,1.0,7.72093,revisable,precios_mensuales_sin_ajustes_corporativos_verificados
2015-05-01,21,21,0,1.0,-3.88227,7,7,0,1.0,-5.544709,revisable,precios_mensuales_sin_ajustes_corporativos_verificados
2015-06-01,21,21,0,1.0,-0.884095,7,7,0,1.0,1.168922,revisable,precios_mensuales_sin_ajustes_corporativos_verificados
2015-07-01,21,21,0,1.0,-1.473348,7,7,0,1.0,-2.188914,revisable,precios_mensuales_sin_ajustes_corporativos_verificados
2015-08-01,21,21,0,1.0,-5.316319,7,7,0,1.0,-4.955962,revisable,precios_mensuales_sin_ajustes_corporativos_verificados
2015-09-01,21,21,0,1.0,-2.346383,7,7,0,1.0,-0.303929,revisable,precios_mensuales_sin_ajustes_corporativos_verificados
2015-10-01,21,21,0,1.0,-3.077129,7,7,0,1.0,0.697949,revisable,precios_mensuales_sin_ajustes_corporativos_verificados
2015-11-01,21,21,0,1.0,-7.349255,7,7,0,1.0,-7.933038,revisable,precios_mensuales_sin_ajustes_corporativos_verificados
2015-12-01,21,21,0,1.0,4.642012,7,7,0,1.0,2.577792,revisable,precios_mensuales_sin_ajustes_corporativos_verificados
2016-01-01,21,21,0,1.0,-1.463088,7,7,0,1.0,1.109004,revisable,precios_mensuales_sin_ajustes_corporativos_verificados
2016-02-01,21,21,0,1.0,10.633085,7,7,0,1.0,5.877116,revisable,precios_mensuales_sin_ajustes_corporativos_verificados
2016-03-01,21,21,0,1.0,4.583991,7,7,0,1.0,8.33304,revisable,precios_mensuales_sin_ajustes_corporativos_verificados
2016-04-01,21,21,0,1.0,-0.865788,7,7,0,1.0,1.015764,revisable,precios_mensuales_sin_ajustes_corporativos_verificados
2016-05-01,22,22,0,1.0,-3.263202,7,7,0,1.0,-4.114936,revisable,precios_mensuales_sin_ajustes_corporativos_verificados
2016-06-01,22,22,0,1.0,1.734813,7,7,0,1.0,2.699976,revisable,precios_mensuales_sin_ajustes_corporativos_verificados
2016-07-01,22,22,0,1.0,-0.440269,7,7,0,1.0,-0.318732,revisable,precios_mensuales_sin_ajustes_corporativos_verificados
2016-08-01,22,22,0,1.0,4.981452,7,7,0,1.0,5.561659,revisable,precios_mensuales_sin_ajustes_corporativos_verificados
2016-09-01,22,22,0,1.0,-2.463432,7,7,0,1.0,-3.029785,revisable,precios_mensuales_sin_ajustes_corporativos_verificados
2016-10-01,22,22,0,1.0,1.554323,7,7,0,1.0,2.142836,revisable,precios_mensuales_sin_ajustes_corporativos_verificados
2016-11-01,22,22,0,1.0,-4.164466,7,7,0,1.0,-5.76387,revisable,precios_mensuales_sin_ajustes_corporativos_verificados
2016-12-01,22,22,0,1.0,6.547706,7,7,0,1.0,5.386513,revisable,precios_mensuales_sin_ajustes_corporativos_verificados
2017-01-01,22,22,0,1.0,0.486888,7,7,0,1.0,0.619569,revisable,precios_mensuales_sin_ajustes_corporativos_verificados
2017-02-01,22,22,0,1.0,-2.393329,7,7,0,1.0,-1.422087,revisable,precios_mensuales_sin_ajustes_corporativos_verificados
2017-03-01,22,22,0,1.0,1.817957,7,7,0,1.0,3.803519,revisable,precios_mensuales_sin_ajustes_corporativos_verificados
2017-04-01,22,22,0,1.0,0.12576,7,7,0,1.0,0.199187,revisable,precios_mensuales_sin_ajustes_corporativos_verificados
2017-05-01,21,21,0,1.0,2.242105,7,7,0,1.0,6.199502,revisable,precios_mensuales_sin_ajustes_corporativos_verificados
2017-06-01,21,21,0,1.0,0.715225,7,7,0,1.0,1.451334,revisable,precios_mensuales_sin_ajustes_corporativos_verificados
2017-07-01,21,21,0,1.0,2.409301,7,7,0,1.0,2.298657,revisable,precios_mensuales_sin_ajustes_corporativos_verificados
2017-08-01,21,21,0,1.0,-0.384664,7,7,0,1.0,-0.470902,revisable,precios_mensuales_sin_ajustes_corporativos_verificados
2017-09-01,21,21,0,1.0,-0.118055,7,7,0,1.0,0.563747,revisable,precios_mensuales_sin_ajustes_corporativos_verificados
2017-10-01,21,21,0,1.0,-3.25354,7,7,0,1.0,-1.951279,revisable,precios_mensuales_sin_ajustes_corporativos_verificados
2017-11-01,22,22,0,1.0,1.380527,7,7,0,1.0,1.837857,revisable,precios_mensuales_sin_ajustes_corporativos_verificados
2017-12-01,22,22,0,1.0,2.521506,7,7,0,1.0,6.100131,revisable,precios_mensuales_sin_ajustes_corporativos_verificados
2018-01-01,22,22,0,1.0,-0.056114,7,7,0,1.0,3.42756,revisable,precios_mensuales_sin_ajustes_corporativos_verificados
2018-02-01,22,22,0,1.0,-3.596843,7,7,0,1.0,-4.340657,revisable,precios_mensuales_sin_ajustes_corporativos_verificados
2018-03-01,22,22,0,1.0,-2.257468,7,7,0,1.0,-2.421989,revisable,precios_mensuales_sin_ajustes_corporativos_verificados
2018-04-01,22,22,0,1.0,4.236888,7,7,0,1.0,8.931368,revisable,precios_mensuales_sin_ajustes_corporativos_verificados
2018-05-01,22,22,0,1.0,-1.849286,7,7,0,1.0,-1.981059,revisable,precios_mensuales_sin_ajustes_corporativos_verificados
2018-06-01,22,22,0,1.0,0.634505,7,7,0,1.0,1.978361,revisable,precios_mensuales_sin_ajustes_corporativos_verificados
2018-07-01,22,22,0,1.0,-3.395544,7,7,0,1.0,-3.010657,revisable,precios_mensuales_sin_ajustes_corporativos_verificados
2018-08-01,22,22,0,1.0,-2.375131,7,7,0,1.0,1.232415,revisable,precios_mensuales_sin_ajustes_corporativos_verificados
2018-09-01,22,22,0,1.0,-5.683323,7,7,0,1.0,-2.748327,revisable,precios_mensuales_sin_ajustes_corporativos_verificados
2018-10-01,22,22,0,1.0,-10.022595,7,7,0,1.0,-7.162861,revisable,precios_mensuales_sin_ajustes_corporativos_verificados
2018-11-01,22,22,0,1.0,0.891281,7,7,0,1.0,1.364714,revisable,precios_mensuales_sin_ajustes_corporativos_verificados
2018-12-01,22,22,0,1.0,-2.637457,7,7,0,1.0,-1.742929,revisable,precios_mensuales_sin_ajustes_corporativos_verificados
2019-01-01,22,22,0,1.0,8.323432,7,7,0,1.0,8.086822,revisable,precios_mensuales_sin_ajustes_corporativos_verificados
2019-02-01,22,22,0,1.0,2.238169,7,7,0,1.0,3.075429,revisable,precios_mensuales_sin_ajustes_corporativos_verificados
2019-03-01,22,22,0,1.0,6.732199,7,7,0,1.0,6.003562,revisable,precios_mensuales_sin_ajustes_corporativos_verificados
2019-04-01,22,22,0,1.0,0.035594,7,7,0,1.0,-1.079153,revisable,precios_mensuales_sin_ajustes_corporativos_verificados
2019-05-01,22,22,0,1.0,-5.107685,7,7,0,1.0,-4.951213,revisable,precios_mensuales_sin_ajustes_corporativos_verificados
2019-06-01,22,22,0,1.0,4.50787,7,7,0,1.0,4.496904,revisable,precios_mensuales_sin_ajustes_corporativos_verificados
2019-07-01,22,22,0,1.0,0.856181,7,7,0,1.0,-0.183121,revisable,precios_mensuales_sin_ajustes_corporativos_verificados
2019-08-01,21,21,0,1.0,-1.487956,7,7,0,1.0,1.069042,revisable,precios_mensuales_sin_ajustes_corporativos_verificados
2019-09-01,21,21,0,1.0,1.900942,7,7,0,1.0,0.160024,revisable,precios_mensuales_sin_ajustes_corporativos_verificados
2019-10-01,21,21,0,1.0,2.758964,7,7,0,1.0,4.455797,revisable,precios_mensuales_sin_ajustes_corporativos_verificados
2019-11-01,21,21,0,1.0,-2.751322,7,7,0,1.0,-0.333951,revisable,precios_mensuales_sin_ajustes_corporativos_verificados
2019-12-01,21,21,0,1.0,2.705944,7,7,0,1.0,2.465321,revisable,precios_mensuales_sin_ajustes_corporativos_verificados
2020-01-01,21,21,0,1.0,-1.827394,7,7,0,1.0,-3.062929,revisable,precios_mensuales_sin_ajustes_corporativos_verificados
2020-02-01,21,21,0,1.0,-3.49616,7,7,0,1.0,-4.795817,revisable,precios_mensuales_sin_ajustes_corporativos_verificados
2020-03-01,21,21,0,1.0,-25.045659,7,7,0,1.0,-28.434555,revisable,precios_mensuales_sin_ajustes_corporativos_verificados
2020-04-01,21,21,0,1.0,-0.095894,7,7,0,1.0,1.958657,revisable,precios_mensuales_sin_ajustes_corporativos_verificados
2020-05-01,21,20,1,0.9524,,7,7,0,1.0,-3.303682,sin_cobertura_o_atipicos,precios_mensuales_sin_ajustes_corporativos_verificados
2020-06-01,21,20,1,0.9524,,7,7,0,1.0,1.401861,sin_cobertura_o_atipicos,precios_mensuales_sin_ajustes_corporativos_verificados
2020-07-01,21,21,0,1.0,1.95312,7,7,0,1.0,2.604803,revisable,precios_mensuales_sin_ajustes_corporativos_verificados
2020-08-01,22,22,0,1.0,8.930689,7,7,0,1.0,8.09621,revisable,precios_mensuales_sin_ajustes_corporativos_verificados
2020-09-01,22,22,0,1.0,-0.99786,7,7,0,1.0,-4.165116,revisable,precios_mensuales_sin_ajustes_corporativos_verificados
2020-10-01,22,22,0,1.0,-4.870379,7,7,0,1.0,-3.089829,revisable,precios_mensuales_sin_ajustes_corporativos_verificados
2020-11-01,23,23,0,1.0,10.047878,7,7,0,1.0,12.023236,revisable,precios_mensuales_sin_ajustes_corporativos_verificados
2020-12-01,23,23,0,1.0,12.163482,7,7,0,1.0,14.128791,revisable,precios_mensuales_sin_ajustes_corporativos_verificados
2021-01-01,23,23,0,1.0,-3.413135,7,7,0,1.0,-6.559899,revisable,precios_mensuales_sin_ajustes_corporativos_verificados
2021-02-01,23,23,0,1.0,-0.332698,7,7,0,1.0,2.335811,revisable,precios_mensuales_sin_ajustes_corporativos_verificados
2021-03-01,23,23,0,1.0,-2.186212,7,7,0,1.0,-4.546809,revisable,precios_mensuales_sin_ajustes_corporativos_verificados
2021-04-01,23,23,0,1.0,-4.981835,7,7,0,1.0,-6.862668,revisable,precios_mensuales_sin_ajustes_corporativos_verificados
2021-05-01,23,23,0,1.0,-4.033749,7,7,0,1.0,-1.544492,revisable,precios_mensuales_sin_ajustes_corporativos_verificados
2021-06-01,23,23,0,1.0,2.12736,7,7,0,1.0,3.611875,revisable,precios_mensuales_sin_ajustes_corporativos_verificados
2021-07-01,23,23,0,1.0,-2.018711,7,7,0,1.0,-2.504697,revisable,precios_mensuales_sin_ajustes_corporativos_verificados
2021-08-01,23,23,0,1.0,4.760004,7,7,0,1.0,7.268368,revisable,precios_mensuales_sin_ajustes_corporativos_verificados
2021-09-01,23,23,0,1.0,2.020834,7,7,0,1.0,3.118052,revisable,precios_mensuales_sin_ajustes_corporativos_verificados
2021-10-01,23,23,0,1.0,2.996793,7,7,0,1.0,2.69314,revisable,precios_mensuales_sin_ajustes_corporativos_verificados
2021-11-01,22,20,0,0.9091,-1.487372,5,5,0,1.0,0.523145,revisable,precios_mensuales_sin_ajustes_corporativos_verificados
2021-12-01,22,20,0,0.9091,3.820028,5,5,0,1.0,6.318218,revisable,precios_mensuales_sin_ajustes_corporativos_verificados
2022-01-01,22,20,0,0.9091,8.921934,5,5,0,1.0,5.943717,revisable,precios_mensuales_sin_ajustes_corporativos_verificados
2022-02-01,22,20,0,0.9091,-2.872641,5,5,0,1.0,1.30361,revisable,precios_mensuales_sin_ajustes_corporativos_verificados
2022-03-01,22,20,0,0.9091,0.590841,5,5,0,1.0,1.570209,revisable,precios_mensuales_sin_ajustes_corporativos_verificados
2022-04-01,22,20,0,0.9091,-1.628237,5,5,0,1.0,-0.740158,revisable,precios_mensuales_sin_ajustes_corporativos_verificados
2022-05-01,22,20,0,0.9091,-0.964442,5,5,0,1.0,2.227483,revisable,precios_mensuales_sin_ajustes_corporativos_verificados
2022-06-01,22,20,0,0.9091,-16.587725,5,5,0,1.0,-10.631643,revisable,precios_mensuales_sin_ajustes_corporativos_verificados
2022-07-01,22,20,0,0.9091,-4.626825,5,5,0,1.0,-3.5558,revisable,precios_mensuales_sin_ajustes_corporativos_verificados
2022-08-01,22,20,0,0.9091,-6.254217,5,5,0,1.0,-9.001428,revisable,precios_mensuales_sin_ajustes_corporativos_verificados
2022-09-01,22,21,0,0.9545,-9.568108,5,5,0,1.0,-6.570268,revisable,precios_mensuales_sin_ajustes_corporativos_verificados
2022-10-01,22,21,0,0.9545,2.055084,5,5,0,1.0,7.733153,revisable,precios_mensuales_sin_ajustes_corporativos_verificados
2022-11-01,22,21,0,0.9545,-0.22383,5,5,0,1.0,-1.96787,revisable,precios_mensuales_sin_ajustes_corporativos_verificados
2022-12-01,22,21,0,0.9545,1.667491,5,5,0,1.0,4.351873,revisable,precios_mensuales_sin_ajustes_corporativos_verificados
2023-01-01,22,21,0,0.9545,-0.094976,5,5,0,1.0,-0.490797,revisable,precios_mensuales_sin_ajustes_corporativos_verificados
2023-02-01,22,21,0,0.9545,-10.653294,5,5,0,1.0,-4.244051,revisable,precios_mensuales_sin_ajustes_corporativos_verificados
2023-03-01,22,21,0,0.9545,2.787341,5,5,0,1.0,-2.686263,revisable,precios_mensuales_sin_ajustes_corporativos_verificados
2023-04-01,22,21,0,0.9545,6.080046,5,5,0,1.0,4.02811,revisable,precios_mensuales_sin_ajustes_corporativos_verificados
2023-05-01,22,21,0,0.9545,-2.394863,5,5,0,1.0,-6.356491,revisable,precios_mensuales_sin_ajustes_corporativos_verificados
2023-06-01,22,21,0,0.9545,2.081079,5,5,0,1.0,-0.922043,revisable,precios_mensuales_sin_ajustes_corporativos_verificados
2023-07-01,22,21,0,0.9545,3.31121,5,5,0,1.0,3.182532,revisable,precios_mensuales_sin_ajustes_corporativos_verificados
2023-08-01,22,21,0,0.9545,-10.633855,5,5,0,1.0,-8.407413,revisable,precios_mensuales_sin_ajustes_corporativos_verificados
2023-09-01,22,21,0,0.9545,6.061112,5,5,0,1.0,4.003949,revisable,precios_mensuales_sin_ajustes_corporativos_verificados
2023-10-01,22,21,0,0.9545,-0.879121,5,5,0,1.0,-2.917054,revisable,precios_mensuales_sin_ajustes_corporativos_verificados
2023-11-01,22,21,0,0.9545,2.414273,5,5,0,1.0,2.590432,revisable,precios_mensuales_sin_ajustes_corporativos_verificados
2023-12-01,22,21,0,0.9545,9.438051,5,5,0,1.0,4.425914,revisable,precios_mensuales_sin_ajustes_corporativos_verificados
2024-01-01,22,21,0,0.9545,8.595157,5,5,0,1.0,7.484515,revisable,precios_mensuales_sin_ajustes_corporativos_verificados
2024-02-01,22,21,0,0.9545,-0.497493,5,5,0,1.0,-4.079517,revisable,precios_mensuales_sin_ajustes_corporativos_verificados
2024-03-01,22,21,0,0.9545,5.286785,5,5,0,1.0,3.164254,revisable,precios_mensuales_sin_ajustes_corporativos_verificados
2024-04-01,22,21,0,0.9545,5.947143,5,5,0,1.0,8.889876,revisable,precios_mensuales_sin_ajustes_corporativos_verificados
2024-05-01,22,21,0,0.9545,2.365062,5,5,0,1.0,-1.755506,revisable,precios_mensuales_sin_ajustes_corporativos_verificados
2024-06-01,22,21,0,0.9545,-1.672647,5,5,0,1.0,-0.667998,revisable,precios_mensuales_sin_ajustes_corporativos_verificados
2024-07-01,22,21,0,0.9545,-2.854099,5,5,0,1.0,-3.906987,revisable,precios_mensuales_sin_ajustes_corporativos_verificados
2024-08-01,22,21,0,0.9545,2.303857,5,5,0,1.0,0.083398,revisable,precios_mensuales_sin_ajustes_corporativos_verificados
2024-09-01,22,21,0,0.9545,-2.619846,5,5,0,1.0,-4.45422,revisable,precios_mensuales_sin_ajustes_corporativos_verificados
2024-10-01,22,21,0,0.9545,5.87925,5,5,0,1.0,5.711115,revisable,precios_mensuales_sin_ajustes_corporativos_verificados
2024-11-01,22,21,0,0.9545,2.465254,5,5,0,1.0,2.275958,revisable,precios_mensuales_sin_ajustes_corporativos_verificados
2024-12-01,22,21,0,0.9545,0.505647,5,5,0,1.0,-0.657454,revisable,precios_mensuales_sin_ajustes_corporativos_verificados
2025-01-01,22,21,0,0.9545,6.767211,5,5,0,1.0,8.955727,revisable,precios_mensuales_sin_ajustes_corporativos_verificados
2025-02-01,22,21,0,0.9545,5.382532,5,5,0,1.0,6.964224,revisable,precios_mensuales_sin_ajustes_corporativos_verificados
2025-03-01,22,21,0,0.9545,0.646554,5,5,0,1.0,-0.272967,revisable,precios_mensuales_sin_ajustes_corporativos_verificados
2025-04-01,22,21,0,0.9545,1.871393,5,5,0,1.0,1.296005,revisable,precios_mensuales_sin_ajustes_corporativos_verificados
2025-05-01,22,21,0,0.9545,2.354624,5,5,0,1.0,-1.37561,revisable,precios_mensuales_sin_ajustes_corporativos_verificados
2025-06-01,22,21,0,0.9545,2.303346,5,5,0,1.0,3.081915,revisable,precios_mensuales_sin_ajustes_corporativos_verificados
2025-07-01,22,21,0,0.9545,-1.049822,5,5,0,1.0,-4.710555,revisable,precios_mensuales_sin_ajustes_corporativos_verificados
2025-08-01,22,20,0,0.9091,4.806455,5,5,0,1.0,5.709423,revisable,precios_mensuales_sin_ajustes_corporativos_verificados
2025-09-01,22,20,0,0.9091,1.872445,5,5,0,1.0,-0.586034,revisable,precios_mensuales_sin_ajustes_corporativos_verificados
2025-10-01,22,21,0,0.9545,9.689435,5,5,0,1.0,6.129667,revisable,precios_mensuales_sin_ajustes_corporativos_verificados
2025-11-01,22,20,0,0.9091,4.746912,5,5,0,1.0,4.91349,revisable,precios_mensuales_sin_ajustes_corporativos_verificados
2025-12-01,22,20,0,0.9091,-0.658888,5,5,0,1.0,-1.690882,revisable,precios_mensuales_sin_ajustes_corporativos_verificados
2026-01-01,22,20,0,0.9091,14.589425,5,5,0,1.0,17.641068,revisable,precios_mensuales_sin_ajustes_corporativos_verificados
2026-02-01,22,20,0,0.9091,-8.87357,5,5,0,1.0,-10.746141,revisable,precios_mensuales_sin_ajustes_corporativos_verificados
2026-03-01,22,20,0,0.9091,-1.800267,5,5,0,1.0,5.430166,revisable,precios_mensuales_sin_ajustes_corporativos_verificados
2026-04-01,22,21,0,0.9545,-2.760124,5,5,0,1.0,-1.69507,revisable,precios_mensuales_sin_ajustes_corporativos_verificados
2026-05-01,22,2,0,0.0909,,5,0,0,0.0,,sin_cobertura_o_atipicos,precios_mensuales_sin_ajustes_corporativos_verificados
