Fecha,Año,Mes,Indice_7Grandes,Indice_IgualPonderacion,Retorno_Mensual_7Grandes_%,Retorno_Mensual_IgualPond_%,Acciones_Activas_7Grandes,Acciones_Activas_IgualPond,Base100_ECOPETROL,Base100_BANCO_COMBINED,Base100_GRUPOSURA,Base100_ISA,Base100_NUTRESA,Base100_GRUPOARGOS,Base100_GEB_CLEAN,Retorno_12m_7Grandes_%,Retorno_12m_IgualPond_%
2009-01-01,2009,1,100.0,100.0,,,0,0,100.0,100.0,100.0,100.0,100.0,100.0,,,
2009-02-01,2009,2,98.4,102.31,-1.6042,2.3069,6,22,103.19,85.8,99.36,98.12,102.82,101.08,,,
2009-03-01,2009,3,101.01,103.83,2.6585,1.4871,6,22,104.9,94.7,101.27,100.0,101.48,102.49,,,
2009-04-01,2009,4,108.09,113.16,7.0083,8.9866,6,23,103.92,104.21,109.68,109.54,108.87,110.49,,,
2009-05-01,2009,5,119.4,122.18,10.4661,7.9738,6,23,116.91,120.9,122.29,116.94,112.9,124.11,,,
2009-06-01,2009,6,126.85,128.99,6.2366,5.5736,6,23,126.47,128.24,127.9,122.72,121.24,131.89,,,
2009-07-01,2009,7,133.95,132.18,5.5957,2.4738,6,23,136.03,127.93,137.45,139.78,122.58,136.86,,,
2009-08-01,2009,8,140.28,138.09,4.727,4.4657,6,23,131.37,141.5,142.68,151.88,126.88,144.0,,,
2009-09-01,2009,9,157.85,147.95,12.5267,7.144,6,23,132.6,160.69,159.24,163.98,153.49,172.97,,,
2009-10-01,2009,10,147.66,137.95,-6.4558,-6.76,6,23,125.0,153.67,143.31,156.18,140.05,164.11,,,
2009-11-01,2009,11,155.17,145.99,5.0861,5.8297,6,23,122.79,167.71,150.96,153.49,147.85,187.03,,,
2009-12-01,2009,12,162.66,160.47,4.8238,9.917,6,23,121.81,179.88,156.31,174.46,141.13,205.41,,,
2010-01-01,2010,1,161.31,161.82,-0.8259,0.8389,6,23,120.34,169.73,160.76,170.43,135.75,216.0,,61.31,61.82
2010-02-01,2010,2,164.37,165.04,1.8965,1.9922,6,23,125.49,173.32,169.17,173.12,137.9,208.65,,67.05,61.32
2010-03-01,2010,3,169.46,171.69,3.095,4.0284,6,23,132.35,173.79,180.13,172.04,143.95,214.05,,67.76,65.36
2010-04-01,2010,4,172.85,178.32,1.9974,3.8632,6,23,135.54,179.41,189.3,174.46,146.64,209.73,,59.91,57.58
2010-05-01,2010,5,170.55,173.38,-1.3266,-2.7678,6,23,132.35,183.31,187.77,170.97,140.86,207.57,,42.84,41.91
2010-06-01,2010,6,172.47,175.83,1.1223,1.4091,6,23,135.05,188.14,190.83,172.04,139.11,209.73,,35.96,36.31
2010-07-01,2010,7,190.11,187.58,10.2279,6.6826,6,23,152.21,210.45,208.79,175.81,168.01,219.03,,41.93,41.91
2010-08-01,2010,8,200.81,199.12,5.6279,6.156,6,23,170.83,227.77,230.57,174.19,169.89,224.86,,43.15,44.2
2010-09-01,2010,9,212.62,209.22,5.8821,5.0723,6,23,181.37,232.45,244.33,189.52,174.46,246.49,,34.69,41.42
2010-10-01,2010,10,225.69,217.8,6.1489,4.1,6,23,216.18,248.21,261.15,196.24,181.45,237.84,,52.84,57.89
2010-11-01,2010,11,206.85,205.59,-8.3478,-5.6063,6,23,188.24,230.11,243.95,181.45,170.03,215.35,,33.3,40.82
2010-12-01,2010,12,212.91,212.36,2.93,3.2895,6,23,200.98,233.54,238.73,189.52,182.12,215.14,,30.9,32.33
2011-01-01,2011,1,200.33,206.4,-5.9091,-2.8051,6,25,194.61,212.95,224.84,177.42,168.01,207.57,,24.19,27.55
2011-02-01,2011,2,195.99,205.33,-2.1684,-0.5187,6,25,194.36,211.39,225.48,171.77,158.06,200.65,,19.23,24.41
2011-03-01,2011,3,199.62,208.22,1.8549,1.409,6,25,190.44,226.99,236.82,170.97,157.93,203.24,,17.8,21.28
2011-04-01,2011,4,196.57,206.95,-1.5302,-0.6086,6,25,186.27,227.3,234.01,168.55,153.63,199.57,,13.72,16.06
2011-05-01,2011,5,208.82,214.57,6.2316,3.6815,6,25,198.28,233.85,254.65,175.27,167.74,211.68,,22.44,23.76
2011-06-01,2011,6,201.09,212.2,-3.7006,-1.1075,6,26,188.24,230.11,240.76,172.85,157.26,206.49,,16.6,20.68
2011-07-01,2011,7,193.18,203.78,-3.9354,-3.9656,6,26,183.09,226.52,229.3,164.52,149.19,196.97,100.0,1.61,8.64
2011-08-01,2011,8,189.27,200.51,-2.0227,-1.6059,7,27,188.97,227.77,225.86,163.98,149.87,196.54,83.67,-5.75,0.7
2011-09-01,2011,9,187.89,195.85,-0.7304,-2.3232,7,27,189.22,209.83,211.46,155.91,156.45,188.11,95.24,-11.63,-6.39
2011-10-01,2011,10,189.84,196.3,1.0377,0.2299,7,27,196.08,229.33,208.79,159.95,150.54,193.51,89.46,-15.89,-9.87
2011-11-01,2011,11,179.45,187.04,-5.4704,-4.7202,7,27,200.98,218.41,194.39,141.4,143.15,176.43,86.05,-13.25,-9.03
2011-12-01,2011,12,181.53,187.11,1.1584,0.0423,7,27,206.62,215.45,198.09,150.54,146.51,181.84,79.93,-14.74,-11.89
2012-01-01,2012,1,181.06,187.9,-0.2603,0.4221,7,27,225.49,218.88,194.14,150.81,143.15,181.19,73.47,-9.62,-8.96
2012-02-01,2012,2,187.79,192.63,3.7166,2.5145,7,28,255.39,223.11,207.01,153.23,147.18,181.62,73.13,-4.18,-6.18
2012-03-01,2012,3,186.51,194.26,-0.6779,0.8444,7,28,266.18,223.89,198.47,151.88,145.56,184.22,69.73,-6.57,-6.71
2012-04-01,2012,4,189.86,197.64,1.793,1.7397,7,28,279.41,234.07,203.57,153.23,145.3,183.78,69.73,-3.41,-4.5
2012-05-01,2012,5,185.1,194.39,-2.5047,-1.6403,7,28,267.16,215.28,200.51,153.49,142.47,184.86,68.03,-11.36,-9.4
2012-06-01,2012,6,181.13,186.75,-2.1454,-3.9332,7,28,244.36,217.63,196.82,155.91,137.77,178.38,67.69,-9.93,-11.99
2012-07-01,2012,7,185.66,189.85,2.5028,1.663,7,27,252.45,218.1,195.54,153.23,140.46,186.16,74.49,-3.89,-6.84
2012-08-01,2012,8,185.98,191.28,0.1708,0.7532,7,27,258.33,206.04,193.12,147.31,139.78,190.27,80.27,-1.74,-4.6
2012-09-01,2012,9,187.71,194.86,0.9315,1.8725,7,27,259.8,208.7,193.89,127.96,141.26,214.92,82.99,-0.09,-0.5
2012-10-01,2012,10,204.71,209.13,9.0537,7.3194,7,28,267.16,228.74,227.77,133.33,164.65,226.38,89.12,7.83,6.53
2012-11-01,2012,11,198.87,198.37,-2.8533,-5.1431,7,29,259.31,224.67,224.33,127.69,168.01,206.27,86.73,10.82,6.06
2012-12-01,2012,12,206.66,204.84,3.9161,3.2616,7,28,267.65,233.44,242.04,129.03,170.83,227.03,86.39,13.84,9.47
2013-01-01,2013,1,214.37,206.58,3.7304,0.85,7,28,276.96,244.09,240.13,134.27,167.34,252.76,91.16,18.4,9.94
2013-02-01,2013,2,213.85,211.68,-0.2426,2.4667,7,28,255.39,233.28,246.24,131.72,179.84,245.62,95.92,13.88,9.89
2013-03-01,2013,3,207.49,205.48,-2.9734,-2.9265,7,29,247.55,227.02,248.41,120.97,174.73,235.24,95.24,11.24,5.78
2013-04-01,2013,4,198.52,190.31,-4.3233,-7.3845,7,30,215.2,234.07,245.22,112.9,169.09,219.68,92.86,4.56,-3.71
2013-05-01,2013,5,193.44,193.46,-2.5593,1.6559,7,29,200.0,219.19,247.13,106.72,171.37,217.95,92.52,4.5,-0.48
2013-06-01,2013,6,187.4,190.0,-3.1181,-1.7881,7,29,200.0,211.37,238.22,101.75,161.16,207.57,93.2,3.46,1.74
2013-07-01,2013,7,196.55,187.28,4.8826,-1.4343,7,30,212.5,212.93,238.09,108.06,171.37,225.95,98.64,5.87,-1.36
2013-08-01,2013,8,206.69,195.91,5.1548,4.6119,7,30,212.5,210.43,243.82,124.19,184.81,236.11,106.12,11.13,2.42
2013-09-01,2013,9,208.4,198.65,0.8295,1.3949,7,30,214.71,214.65,242.8,127.02,182.93,243.68,104.76,11.02,1.94
2013-10-01,2013,10,207.38,206.21,-0.4882,3.8056,7,30,220.59,207.45,238.85,125.81,181.45,237.19,108.16,1.31,-1.4
2013-11-01,2013,11,192.31,195.4,-7.2659,-5.2396,7,30,192.89,193.83,221.66,115.86,174.73,216.22,103.74,-3.3,-1.5
2013-12-01,2013,12,189.75,196.85,-1.3354,0.7387,7,30,181.37,183.5,214.65,122.31,177.69,210.16,104.42,-8.18,-3.9
2014-01-01,2014,1,171.15,187.54,-9.8016,-4.7286,7,31,172.55,173.95,195.54,99.73,158.6,194.59,90.82,-20.16,-9.22
2014-02-01,2014,2,180.02,190.34,5.1837,1.4959,7,31,171.57,199.31,211.34,102.15,162.37,201.95,95.92,-15.82,-10.08
2014-03-01,2014,3,202.24,207.44,12.3412,8.9831,7,29,197.55,214.81,232.48,118.15,183.33,223.57,109.52,-2.53,0.95
2014-04-01,2014,4,201.54,209.76,-0.3428,1.1187,7,29,176.72,214.5,240.64,122.04,182.66,230.49,108.16,1.53,10.22
2014-05-01,2014,5,198.21,206.3,-1.6558,-1.6528,7,30,168.14,207.61,243.95,120.97,182.39,232.43,103.06,2.47,6.63
2014-06-01,2014,6,204.16,215.23,3.002,4.329,7,30,167.16,215.28,254.14,123.25,185.62,244.32,108.16,8.94,13.28
2014-07-01,2014,7,206.6,217.42,1.1979,1.0178,7,29,155.88,227.02,266.24,124.06,182.12,246.27,113.95,5.11,16.09
2014-08-01,2014,8,216.64,225.1,4.8584,3.5356,7,30,162.99,237.98,280.89,130.38,192.61,257.08,118.37,4.82,14.9
2014-09-01,2014,9,204.79,215.71,-5.4686,-4.1735,7,32,155.15,224.36,258.85,124.46,186.16,245.41,109.52,-1.73,8.59
2014-10-01,2014,10,201.37,213.18,-1.6733,-1.1719,7,31,134.8,226.4,272.48,118.28,186.83,241.95,110.88,-2.9,3.38
2014-11-01,2014,11,189.7,205.07,-5.7949,-3.803,7,31,112.25,224.2,258.47,110.22,184.41,217.95,111.22,-1.36,4.95
2014-12-01,2014,12,190.93,205.62,0.6477,0.265,7,31,101.96,224.2,254.78,115.99,192.2,221.62,115.65,0.62,4.46
2015-01-01,2015,1,175.29,190.94,-8.1889,-7.1363,7,30,95.83,226.08,225.48,100.81,171.37,200.22,107.48,2.42,1.82
2015-02-01,2015,2,175.57,191.46,0.1577,0.2691,7,30,102.21,201.97,223.18,104.97,162.77,205.41,112.24,-2.47,0.59
2015-03-01,2015,3,166.71,184.64,-5.0431,-3.561,7,31,96.81,198.84,213.76,99.87,153.9,179.89,110.54,-17.57,-10.99
2015-04-01,2015,4,179.76,197.44,7.8285,6.9324,7,31,99.51,204.01,249.3,107.53,166.4,202.16,115.65,-10.81,-5.87
2015-05-01,2015,5,168.01,190.0,-6.5392,-3.7703,7,31,88.97,202.75,215.41,110.08,151.21,175.78,114.29,-15.24,-7.9
2015-06-01,2015,6,168.78,187.76,0.4594,-1.1765,7,31,84.8,218.41,235.8,98.79,153.9,183.78,108.16,-17.33,-12.76
2015-07-01,2015,7,166.96,190.36,-1.078,1.3834,7,31,78.92,216.53,235.67,95.16,148.66,188.11,113.61,-19.19,-12.45
2015-08-01,2015,8,160.13,178.72,-4.0936,-6.1151,7,31,78.19,206.51,224.84,89.25,133.74,181.62,114.97,-26.09,-20.61
2015-09-01,2015,9,160.41,176.97,0.1793,-0.977,7,32,65.2,195.4,228.54,96.1,139.65,193.51,118.37,-21.67,-17.96
2015-10-01,2015,10,163.54,177.12,1.9476,0.0846,7,32,66.18,196.65,234.27,93.28,146.64,192.43,127.21,-18.79,-16.92
2015-11-01,2015,11,149.35,166.9,-8.6752,-5.7719,7,32,63.97,175.35,206.11,91.4,133.2,169.08,112.93,-21.27,-18.62
2015-12-01,2015,12,153.97,172.8,3.0941,3.539,7,31,54.41,169.09,227.39,99.19,152.02,175.14,117.01,-19.35,-15.96
2016-01-01,2016,1,155.62,173.83,1.0694,0.5929,7,30,50.49,187.72,228.03,98.92,158.2,180.54,112.93,-11.22,-8.96
2016-02-01,2016,2,164.93,186.76,5.9866,7.4381,7,30,55.88,193.67,240.76,104.17,163.04,193.51,120.75,-6.06,-2.45
2016-03-01,2016,3,179.29,194.12,8.7013,3.9441,7,32,64.22,202.6,254.14,116.26,171.37,216.86,129.25,7.54,5.14
2016-04-01,2016,4,180.0,195.97,0.3956,0.9504,7,32,69.36,211.99,245.22,116.94,174.73,203.24,125.85,0.13,-0.74
2016-05-01,2016,5,173.92,191.87,-3.3775,-2.0909,7,31,65.69,197.9,236.94,118.28,171.37,186.81,126.53,3.52,0.99
2016-06-01,2016,6,176.63,191.78,1.5575,-0.0474,7,31,68.38,199.47,243.95,120.16,168.68,200.0,121.43,4.65,2.14
2016-07-01,2016,7,176.63,190.3,0.0024,-0.7707,7,29,63.73,205.89,244.08,122.18,169.49,200.0,123.13,5.79,-0.03
2016-08-01,2016,8,185.29,198.05,4.9006,4.0686,7,29,64.71,227.8,246.11,133.06,175.54,213.19,125.85,15.71,10.82
2016-09-01,2016,9,179.82,193.3,-2.951,-2.3942,7,30,61.27,218.72,239.62,131.05,170.3,201.3,127.55,12.1,9.23
2016-10-01,2016,10,184.42,196.52,2.5601,1.6619,7,29,64.22,223.42,247.01,134.27,169.22,210.81,129.25,12.77,10.95
2016-11-01,2016,11,174.07,189.5,-5.6141,-3.5689,7,29,64.71,203.54,226.11,133.06,153.63,194.81,122.79,16.55,13.54
2016-12-01,2016,12,182.45,198.87,4.813,4.9453,7,30,67.65,212.77,243.31,134.14,167.34,208.43,123.13,18.49,15.09
2017-01-01,2017,1,183.86,200.2,0.7758,0.6657,7,30,67.4,215.75,248.41,141.94,161.69,209.3,122.45,18.15,15.17
2017-02-01,2017,2,182.86,194.22,-0.5461,-2.9884,7,30,64.71,213.71,232.99,150.54,158.6,213.62,123.81,10.87,3.99
2017-03-01,2017,3,189.15,199.6,3.4415,2.7743,7,29,66.18,224.67,248.92,155.91,163.84,218.81,124.49,5.5,2.82
2017-04-01,2017,4,189.86,201.19,0.3773,0.797,7,28,66.67,224.83,247.77,156.72,164.11,220.54,125.51,5.48,2.67
2017-05-01,2017,5,202.16,205.09,6.4768,1.9346,7,28,65.44,252.54,245.86,189.52,173.66,226.38,133.33,16.24,6.89
2017-06-01,2017,6,204.29,203.54,1.0539,-0.7543,7,29,67.65,265.38,252.23,179.3,177.42,224.22,134.01,15.66,6.13
2017-07-01,2017,7,207.62,209.07,1.6313,2.7185,7,29,68.38,255.99,267.64,183.87,179.44,232.22,134.69,17.55,9.86
2017-08-01,2017,8,206.2,207.0,-0.6874,-0.9906,7,29,67.16,263.03,264.33,179.57,182.39,226.81,132.65,11.29,4.52
2017-09-01,2017,9,207.89,207.22,0.8218,0.1046,7,29,68.63,264.44,260.38,183.87,180.38,228.32,136.05,15.61,7.2
2017-10-01,2017,10,205.21,202.9,-1.2888,-2.0827,7,28,81.62,227.02,245.99,179.03,181.59,214.49,135.71,11.27,3.25
2017-11-01,2017,11,210.78,204.01,2.7137,0.5447,7,28,85.78,228.59,248.41,185.48,184.54,221.41,140.82,21.09,7.65
2017-12-01,2017,12,221.5,208.87,5.0844,2.3811,7,28,108.33,234.22,256.69,190.86,186.96,225.73,137.07,21.4,5.02
2018-01-01,2018,1,229.69,210.33,3.7,0.7024,7,29,130.39,254.11,255.54,192.2,181.72,223.14,138.1,24.93,5.06
2018-02-01,2018,2,220.62,202.39,-3.9485,-3.7767,7,28,123.04,236.26,244.71,184.14,181.45,208.86,138.1,20.65,4.21
2018-03-01,2018,3,217.19,196.49,-1.5579,-2.9173,7,28,128.19,229.21,237.45,179.03,174.6,203.46,138.1,14.82,-1.56
2018-04-01,2018,4,235.18,202.2,8.2841,2.9068,7,28,151.96,260.68,248.28,194.62,182.8,216.22,140.14,23.87,0.5
2018-05-01,2018,5,230.41,198.34,-2.0274,-1.909,7,28,151.47,262.25,236.43,190.32,173.52,209.95,140.82,13.97,-3.29
2018-06-01,2018,6,234.89,199.11,1.9434,0.3876,7,29,148.28,279.63,239.49,194.89,181.45,214.7,138.78,14.98,-2.18
2018-07-01,2018,7,229.64,195.13,-2.2335,-1.9956,7,30,150.49,259.9,229.94,190.86,181.05,209.73,136.73,10.6,-6.67
2018-08-01,2018,8,231.47,189.99,0.795,-2.6357,7,30,167.65,259.9,229.3,181.72,179.3,206.49,139.12,12.26,-8.22
2018-09-01,2018,9,225.42,180.19,-2.6111,-5.159,7,29,197.55,245.03,221.4,179.84,162.63,176.22,136.39,8.43,-13.04
2018-10-01,2018,10,207.83,166.37,-7.8024,-7.6661,7,29,183.33,235.63,200.0,160.75,149.87,162.16,126.19,1.28,-18.0
2018-11-01,2018,11,213.01,166.05,2.4887,-0.1962,7,29,152.21,252.23,205.73,173.92,163.31,174.92,125.51,1.06,-18.61
2018-12-01,2018,12,209.12,162.89,-1.8268,-1.9029,7,29,129.66,245.81,204.59,187.9,157.93,182.7,120.41,-5.59,-22.01
2019-01-01,2019,1,226.27,175.12,8.2015,7.5068,7,29,143.14,268.98,219.62,187.1,178.36,200.65,129.93,-1.49,-16.74
2019-02-01,2019,2,232.25,179.82,2.6459,2.6834,7,29,152.94,290.59,222.93,187.9,175.4,193.73,138.78,5.27,-11.15
2019-03-01,2019,3,245.07,191.24,5.5192,6.3538,7,29,167.4,316.26,233.38,214.52,173.25,195.68,141.16,12.84,-2.67
2019-04-01,2019,4,244.76,192.02,-0.1277,0.4056,7,29,146.32,320.18,229.3,212.63,180.11,198.92,151.7,4.07,-5.04
2019-05-01,2019,5,232.88,183.32,-4.8527,-4.529,7,29,135.54,309.22,211.85,217.74,167.2,187.24,144.22,1.07,-7.57
2019-06-01,2019,6,240.08,191.6,3.0921,4.5145,7,29,143.14,319.4,217.2,240.05,168.15,187.03,143.54,2.21,-3.77
2019-07-01,2019,7,240.01,197.18,-0.0285,2.9153,7,29,144.12,323.0,219.75,239.25,168.82,181.84,142.86,4.52,1.05
2019-08-01,2019,8,242.28,194.06,0.9452,-1.5815,7,29,134.31,334.58,213.38,244.35,173.66,194.59,143.88,4.67,2.14
2019-09-01,2019,9,243.41,199.91,0.4661,3.0128,7,29,144.61,336.62,210.19,245.16,170.3,184.43,148.64,7.98,10.95
2019-10-01,2019,10,251.83,206.33,3.4564,3.2139,7,29,149.02,345.39,217.83,262.1,172.31,197.84,147.96,21.17,24.02
2019-11-01,2019,11,250.54,201.31,-0.512,-2.4369,7,29,161.27,339.28,206.37,255.11,174.06,189.84,149.32,17.62,21.23
2019-12-01,2019,12,255.98,206.87,2.1737,2.7656,7,29,162.5,358.54,216.56,263.44,170.7,192.43,151.02,22.41,27.0
2020-01-01,2020,1,251.27,206.44,-1.839,-0.2096,7,29,155.88,349.93,203.82,252.69,166.4,188.97,162.93,11.05,17.89
2020-02-01,2020,2,239.45,200.83,-4.7063,-2.7196,7,29,152.21,329.42,194.27,250.0,157.39,162.16,163.95,3.1,11.68
2020-03-01,2020,3,182.14,153.01,-23.9347,-23.809,7,29,93.14,215.28,127.52,208.06,128.36,133.19,153.06,-25.68,-19.99
2020-04-01,2020,4,187.1,153.55,2.7233,0.3548,7,29,102.45,202.6,137.07,244.62,148.25,99.68,152.38,-23.56,-20.03
2020-05-01,2020,5,180.33,141.13,-3.6187,-8.0912,7,28,97.55,192.58,115.92,263.44,148.92,94.05,148.3,-22.57,-23.01
2020-06-01,2020,6,185.02,150.24,2.6044,6.4534,7,28,101.72,193.36,118.73,252.69,140.46,107.03,158.84,-22.93,-21.59
2020-07-01,2020,7,188.06,153.75,1.641,2.339,7,29,101.96,207.45,123.57,258.06,135.75,110.27,155.78,-21.65,-22.03
2020-08-01,2020,8,203.27,166.09,8.0894,8.0224,7,29,107.35,209.17,133.76,281.45,147.85,128.86,167.35,-16.1,-14.42
2020-09-01,2020,9,195.84,162.12,-3.6579,-2.3868,7,29,92.89,193.36,131.34,273.92,152.28,125.41,166.67,-19.55,-18.9
2020-10-01,2020,10,189.46,153.47,-3.2541,-5.3342,7,27,87.79,191.79,128.03,280.38,143.41,114.81,163.27,-24.76,-25.62
2020-11-01,2020,11,209.49,168.26,10.5679,9.637,7,27,102.01,218.33,136.31,305.11,156.32,129.73,174.15,-16.38,-16.41
2020-12-01,2020,12,235.71,191.92,12.5156,14.0592,7,29,110.05,274.77,161.02,345.43,161.29,150.27,180.27,-7.92,-7.23
2021-01-01,2021,1,220.76,186.22,-6.3394,-2.9703,7,29,99.51,246.75,144.59,309.95,163.98,143.78,177.62,-12.14,-9.79
2021-02-01,2021,2,224.73,186.17,1.7961,-0.0287,7,30,110.29,242.68,150.76,319.89,159.21,143.78,175.51,-6.15,-7.3
2021-03-01,2021,3,217.07,183.93,-3.4086,-1.2037,7,29,115.98,228.43,138.22,302.42,155.71,127.35,182.99,19.18,20.2
2021-04-01,2021,4,202.31,174.3,-6.8005,-5.2336,7,29,108.33,219.19,122.04,287.37,144.49,114.49,177.55,8.13,13.51
2021-05-01,2021,5,196.78,170.79,-2.7335,-2.0119,7,30,107.35,216.06,127.52,269.09,145.16,109.19,158.44,9.12,21.02
2021-06-01,2021,6,206.67,177.06,5.03,3.6705,7,30,133.43,209.96,117.83,297.72,147.04,108.11,174.9,11.7,17.85
2021-07-01,2021,7,202.62,173.24,-1.9598,-2.1612,7,29,129.07,217.63,110.19,293.28,139.11,109.08,172.04,7.74,12.67
2021-08-01,2021,8,216.54,183.06,6.8668,5.6693,7,29,129.56,245.81,122.29,305.11,145.7,118.27,183.33,6.53,10.22
2021-09-01,2021,9,224.71,182.71,3.7722,-0.1911,7,29,134.02,258.34,136.31,305.11,145.56,120.65,191.56,14.74,12.7
2021-10-01,2021,10,228.77,185.65,1.8104,1.612,7,29,139.56,264.6,139.81,303.9,147.92,127.57,185.03,20.75,20.97
2021-11-01,2021,11,240.54,182.91,5.1419,-1.4795,7,28,127.45,253.64,160.19,299.73,195.23,136.22,179.18,14.82,8.7
2021-12-01,2021,12,248.44,190.4,3.2858,4.0967,7,29,131.86,250.51,191.08,301.08,192.47,146.49,170.07,5.4,-0.79
2022-01-01,2022,1,268.15,206.11,7.9344,8.2525,7,29,142.4,275.87,173.57,317.2,225.81,174.49,178.23,21.47,10.68
2022-02-01,2022,2,282.07,201.78,5.1904,-2.0997,7,29,159.95,272.43,203.5,326.61,297.18,139.46,166.67,25.52,8.39
2022-03-01,2022,3,301.31,200.57,6.8192,-0.6012,7,29,173.43,315.56,226.88,326.61,307.8,150.05,168.03,38.81,9.05
2022-04-01,2022,4,301.16,197.09,-0.0474,-1.736,7,28,157.16,300.61,255.41,292.47,325.94,155.68,171.43,48.86,13.07
2022-05-01,2022,5,298.67,191.77,-0.8282,-2.6979,7,28,152.94,331.14,283.76,319.62,248.66,146.38,164.63,51.78,12.28
2022-06-01,2022,6,265.65,166.52,-11.0551,-13.1688,7,29,110.44,248.16,250.96,275.54,266.13,162.81,135.92,28.54,-5.96
2022-07-01,2022,7,257.76,160.07,-2.9708,-3.874,7,29,111.76,247.53,254.78,276.88,268.15,130.81,129.32,27.21,-7.6
2022-08-01,2022,8,241.01,149.67,-6.4974,-6.4938,7,28,110.64,239.39,235.67,257.66,248.66,105.41,129.25,11.3,-18.24
2022-09-01,2022,9,230.68,140.11,-4.2887,-6.3855,7,28,101.67,219.35,238.85,221.77,248.52,106.05,127.28,2.66,-23.31
2022-10-01,2022,10,259.83,143.08,12.6379,2.1157,7,29,120.1,244.64,253.57,259.01,356.25,110.81,112.04,13.57,-22.93
2022-11-01,2022,11,252.89,141.96,-2.6715,-0.7847,7,28,112.25,250.43,242.36,262.1,295.03,107.03,122.45,5.13,-22.39
2022-12-01,2022,12,259.88,141.91,2.7646,-0.0297,7,28,118.63,262.64,267.52,282.26,299.06,102.59,114.49,4.6,-25.46
2023-01-01,2023,1,259.51,141.32,-0.1415,-0.4192,7,28,130.83,277.83,260.51,255.91,307.8,101.24,106.8,-3.22,-31.44
2023-02-01,2023,2,248.93,128.92,-4.0758,-8.7706,7,26,132.25,241.27,233.12,231.32,341.4,104.86,95.24,-11.75,-36.11
2023-03-01,2023,3,243.89,136.33,-2.0264,5.7422,7,26,120.1,228.43,257.64,203.63,336.02,98.27,104.42,-19.06,-32.03
2023-04-01,2023,4,262.18,140.87,7.5005,3.3284,7,28,112.16,227.8,268.09,244.62,405.17,95.68,122.45,-12.94,-28.53
2023-05-01,2023,5,246.61,135.33,-5.9376,-3.9291,7,28,99.8,203.22,247.77,236.56,341.6,103.78,120.41,-17.43,-29.43
2023-06-01,2023,6,249.51,136.86,1.1735,1.1303,7,27,104.9,219.12,229.3,227.02,352.35,104.32,124.15,-6.08,-17.81
2023-07-01,2023,7,253.92,139.93,1.7668,2.2415,7,26,112.35,234.38,235.67,230.78,341.4,104.59,120.07,-1.49,-12.58
2023-08-01,2023,8,231.29,126.47,-8.91,-9.6179,7,27,115.54,212.93,197.45,201.34,334.74,87.14,109.93,-4.03,-15.5
2023-09-01,2023,9,239.96,136.3,3.7458,7.7733,7,25,115.93,211.99,203.76,200.54,332.8,101.08,118.84,4.02,-2.72
2023-10-01,2023,10,236.3,134.91,-1.5217,-1.0217,7,25,118.77,206.67,205.73,194.89,334.61,96.43,113.27,-9.05,-5.71
2023-11-01,2023,11,247.45,137.9,4.7183,2.2198,7,25,124.26,217.63,191.08,203.76,329.3,111.14,126.87,-2.15,-2.86
2023-12-01,2023,12,252.14,149.57,1.8917,8.4627,7,26,114.71,234.22,184.71,208.06,302.42,134.27,129.25,-2.98,5.4
2024-01-01,2024,1,271.38,163.31,7.6322,9.1829,7,27,114.46,240.17,207.01,226.61,302.15,148.32,154.76,4.57,15.56
2024-02-01,2024,2,268.28,159.07,-1.1428,-2.5968,7,28,112.25,251.13,184.46,224.73,313.84,148.11,150.68,7.77,23.38
2024-03-01,2024,3,281.39,166.38,4.8861,4.5955,7,27,101.72,257.4,194.14,265.86,308.47,166.27,161.22,15.37,22.04
2024-04-01,2024,4,287.65,175.38,2.2252,5.4122,7,26,111.76,251.29,253.5,243.28,241.94,174.27,165.65,9.71,24.5
2024-05-01,2024,5,315.95,179.81,9.8404,2.5246,7,27,115.69,266.79,210.19,257.26,397.18,177.51,173.13,28.12,32.87
2024-06-01,2024,6,309.78,177.17,-1.9546,-1.4669,7,27,113.73,266.79,219.11,244.62,348.12,182.49,170.07,24.16,29.45
2024-07-01,2024,7,303.74,171.63,-1.9483,-3.1258,7,26,106.62,265.38,206.37,235.22,369.62,179.24,167.35,19.62,22.66
2024-08-01,2024,8,309.44,174.37,1.8759,1.5928,7,25,100.74,272.27,205.61,244.09,396.51,183.78,172.11,33.79,37.87
2024-09-01,2024,9,305.25,172.24,-1.3526,-1.2212,7,26,92.16,259.74,184.71,229.57,468.68,190.27,168.71,27.21,26.37
2024-10-01,2024,10,326.08,182.03,6.8213,5.6866,7,27,83.33,277.28,222.93,236.29,537.63,209.73,172.11,37.99,34.93
2024-11-01,2024,11,330.64,186.6,1.4008,2.5097,7,27,88.24,281.66,229.3,225.81,530.91,216.43,175.51,33.62,35.31
2024-12-01,2024,12,326.41,191.87,-1.2799,2.8243,7,26,82.11,275.4,236.94,224.46,530.91,222.7,165.99,29.46,28.28
2025-01-01,2025,1,360.18,208.95,10.3465,8.9025,7,27,96.08,324.09,230.57,248.39,649.87,215.35,183.67,32.72,27.95
2025-02-01,2025,2,396.9,218.84,10.1937,4.7308,7,28,104.9,335.84,270.06,260.48,829.97,221.62,194.56,47.94,37.58
2025-03-01,2025,3,394.59,218.02,-0.5828,-0.3729,7,27,101.72,329.89,270.7,256.72,840.05,224.0,193.88,40.23,31.04
2025-04-01,2025,4,401.13,222.48,1.6576,2.0445,7,27,84.56,339.75,273.89,293.01,850.81,237.62,199.32,39.45,26.85
2025-05-01,2025,5,394.96,228.41,-1.5367,2.6662,7,27,85.29,335.05,285.99,259.68,850.13,232.43,197.28,25.01,27.03
2025-06-01,2025,6,413.13,233.15,4.5993,2.0733,7,27,89.22,361.36,308.28,265.86,873.39,238.7,205.44,33.36,31.59
2025-07-01,2025,7,396.59,230.9,-4.0033,-0.9629,7,27,86.03,358.54,294.27,282.26,873.66,183.78,200.68,30.57,34.53
2025-08-01,2025,8,418.29,241.35,5.4722,4.5253,7,27,92.65,393.77,295.29,293.01,1004.57,186.81,200.68,35.18,38.41
2025-09-01,2025,9,427.74,249.47,2.2586,3.364,7,28,87.75,399.72,277.71,313.98,1169.35,191.78,199.32,40.13,44.84
2025-10-01,2025,10,480.7,268.08,12.381,7.461,7,28,87.25,440.74,298.47,336.02,1834.41,188.11,214.29,47.42,47.27
2025-11-01,2025,11,501.06,280.14,4.2367,4.4988,7,28,92.16,461.72,351.34,338.71,1767.34,191.35,220.07,51.54,50.13
2025-12-01,2025,12,494.96,278.46,-1.2189,-0.6027,7,26,91.67,468.29,343.95,331.45,1892.47,183.57,202.04,51.64,45.13
2026-01-01,2026,1,577.39,317.04,16.655,13.8556,7,26,112.75,591.04,398.09,407.26,2046.37,202.59,222.79,60.3,51.73
2026-02-01,2026,2,522.18,294.01,-9.5625,-7.2626,7,28,109.8,498.04,345.22,369.62,2060.48,178.38,189.8,31.56,34.35
2026-03-01,2026,3,545.5,286.88,4.4652,-2.4271,7,28,137.25,528.41,317.2,376.34,2043.01,180.54,201.36,38.24,31.58
2026-04-01,2026,4,535.57,282.86,-1.8202,-1.3993,7,28,127.45,488.96,326.5,378.23,2062.5,170.81,207.14,33.51,27.14
