fecha,inflacion_mensual,inflacion_anual,fuente_mensual,fuente_anual,fuente_oficial_ultimo_mes,fuente_historia_mensual,fecha_publicacion_vintage
2006-01-01,0.54,4.55,DANE_variacion_reportada,BanRep_IPC_calculada_2_decimales,https://www.dane.gov.co/files/operaciones/IPC/ago2026/anex-IPC-ago2026.xlsx,https://www.dane.gov.co/files/operaciones/IPC/ago2026/anex-IPC-Variacion-ago2026.xlsx,no_disponible
2006-02-01,0.66,4.19,DANE_variacion_reportada,BanRep_IPC_calculada_2_decimales,https://www.dane.gov.co/files/operaciones/IPC/ago2026/anex-IPC-ago2026.xlsx,https://www.dane.gov.co/files/operaciones/IPC/ago2026/anex-IPC-Variacion-ago2026.xlsx,no_disponible
2006-03-01,0.7,4.12,DANE_variacion_reportada,BanRep_IPC_calculada_2_decimales,https://www.dane.gov.co/files/operaciones/IPC/ago2026/anex-IPC-ago2026.xlsx,https://www.dane.gov.co/files/operaciones/IPC/ago2026/anex-IPC-Variacion-ago2026.xlsx,no_disponible
2006-04-01,0.45,4.11,DANE_variacion_reportada,BanRep_IPC_calculada_2_decimales,https://www.dane.gov.co/files/operaciones/IPC/ago2026/anex-IPC-ago2026.xlsx,https://www.dane.gov.co/files/operaciones/IPC/ago2026/anex-IPC-Variacion-ago2026.xlsx,no_disponible
2006-05-01,0.33,4.04,DANE_variacion_reportada,BanRep_IPC_calculada_2_decimales,https://www.dane.gov.co/files/operaciones/IPC/ago2026/anex-IPC-ago2026.xlsx,https://www.dane.gov.co/files/operaciones/IPC/ago2026/anex-IPC-Variacion-ago2026.xlsx,no_disponible
2006-06-01,0.3,3.95,DANE_variacion_reportada,BanRep_IPC_calculada_2_decimales,https://www.dane.gov.co/files/operaciones/IPC/ago2026/anex-IPC-ago2026.xlsx,https://www.dane.gov.co/files/operaciones/IPC/ago2026/anex-IPC-Variacion-ago2026.xlsx,no_disponible
2006-07-01,0.41,4.33,DANE_variacion_reportada,BanRep_IPC_calculada_2_decimales,https://www.dane.gov.co/files/operaciones/IPC/ago2026/anex-IPC-ago2026.xlsx,https://www.dane.gov.co/files/operaciones/IPC/ago2026/anex-IPC-Variacion-ago2026.xlsx,no_disponible
2006-08-01,0.39,4.72,DANE_variacion_reportada,BanRep_IPC_calculada_2_decimales,https://www.dane.gov.co/files/operaciones/IPC/ago2026/anex-IPC-ago2026.xlsx,https://www.dane.gov.co/files/operaciones/IPC/ago2026/anex-IPC-Variacion-ago2026.xlsx,no_disponible
2006-09-01,0.29,4.58,DANE_variacion_reportada,BanRep_IPC_calculada_2_decimales,https://www.dane.gov.co/files/operaciones/IPC/ago2026/anex-IPC-ago2026.xlsx,https://www.dane.gov.co/files/operaciones/IPC/ago2026/anex-IPC-Variacion-ago2026.xlsx,no_disponible
2006-10-01,-0.14,4.18,DANE_variacion_reportada,BanRep_IPC_calculada_2_decimales,https://www.dane.gov.co/files/operaciones/IPC/ago2026/anex-IPC-ago2026.xlsx,https://www.dane.gov.co/files/operaciones/IPC/ago2026/anex-IPC-Variacion-ago2026.xlsx,no_disponible
2006-11-01,0.24,4.31,DANE_variacion_reportada,BanRep_IPC_calculada_2_decimales,https://www.dane.gov.co/files/operaciones/IPC/ago2026/anex-IPC-ago2026.xlsx,https://www.dane.gov.co/files/operaciones/IPC/ago2026/anex-IPC-Variacion-ago2026.xlsx,no_disponible
2006-12-01,0.23,4.48,DANE_variacion_reportada,BanRep_IPC_calculada_2_decimales,https://www.dane.gov.co/files/operaciones/IPC/ago2026/anex-IPC-ago2026.xlsx,https://www.dane.gov.co/files/operaciones/IPC/ago2026/anex-IPC-Variacion-ago2026.xlsx,no_disponible
2007-01-01,0.77,4.71,DANE_variacion_reportada,BanRep_IPC_calculada_2_decimales,https://www.dane.gov.co/files/operaciones/IPC/ago2026/anex-IPC-ago2026.xlsx,https://www.dane.gov.co/files/operaciones/IPC/ago2026/anex-IPC-Variacion-ago2026.xlsx,no_disponible
2007-02-01,1.17,5.25,DANE_variacion_reportada,BanRep_IPC_calculada_2_decimales,https://www.dane.gov.co/files/operaciones/IPC/ago2026/anex-IPC-ago2026.xlsx,https://www.dane.gov.co/files/operaciones/IPC/ago2026/anex-IPC-Variacion-ago2026.xlsx,no_disponible
2007-03-01,1.21,5.78,DANE_variacion_reportada,BanRep_IPC_calculada_2_decimales,https://www.dane.gov.co/files/operaciones/IPC/ago2026/anex-IPC-ago2026.xlsx,https://www.dane.gov.co/files/operaciones/IPC/ago2026/anex-IPC-Variacion-ago2026.xlsx,no_disponible
2007-04-01,0.9,6.26,DANE_variacion_reportada,BanRep_IPC_calculada_2_decimales,https://www.dane.gov.co/files/operaciones/IPC/ago2026/anex-IPC-ago2026.xlsx,https://www.dane.gov.co/files/operaciones/IPC/ago2026/anex-IPC-Variacion-ago2026.xlsx,no_disponible
2007-05-01,0.3,6.24,DANE_variacion_reportada,BanRep_IPC_calculada_2_decimales,https://www.dane.gov.co/files/operaciones/IPC/ago2026/anex-IPC-ago2026.xlsx,https://www.dane.gov.co/files/operaciones/IPC/ago2026/anex-IPC-Variacion-ago2026.xlsx,no_disponible
2007-06-01,0.12,6.02,DANE_variacion_reportada,BanRep_IPC_calculada_2_decimales,https://www.dane.gov.co/files/operaciones/IPC/ago2026/anex-IPC-ago2026.xlsx,https://www.dane.gov.co/files/operaciones/IPC/ago2026/anex-IPC-Variacion-ago2026.xlsx,no_disponible
2007-07-01,0.17,5.76,DANE_variacion_reportada,BanRep_IPC_calculada_2_decimales,https://www.dane.gov.co/files/operaciones/IPC/ago2026/anex-IPC-ago2026.xlsx,https://www.dane.gov.co/files/operaciones/IPC/ago2026/anex-IPC-Variacion-ago2026.xlsx,no_disponible
2007-08-01,-0.13,5.22,DANE_variacion_reportada,BanRep_IPC_calculada_2_decimales,https://www.dane.gov.co/files/operaciones/IPC/ago2026/anex-IPC-ago2026.xlsx,https://www.dane.gov.co/files/operaciones/IPC/ago2026/anex-IPC-Variacion-ago2026.xlsx,no_disponible
2007-09-01,0.08,5.0,DANE_variacion_reportada,BanRep_IPC_calculada_2_decimales,https://www.dane.gov.co/files/operaciones/IPC/ago2026/anex-IPC-ago2026.xlsx,https://www.dane.gov.co/files/operaciones/IPC/ago2026/anex-IPC-Variacion-ago2026.xlsx,no_disponible
2007-10-01,0.01,5.16,DANE_variacion_reportada,BanRep_IPC_calculada_2_decimales,https://www.dane.gov.co/files/operaciones/IPC/ago2026/anex-IPC-ago2026.xlsx,https://www.dane.gov.co/files/operaciones/IPC/ago2026/anex-IPC-Variacion-ago2026.xlsx,no_disponible
2007-11-01,0.47,5.43,DANE_variacion_reportada,BanRep_IPC_calculada_2_decimales,https://www.dane.gov.co/files/operaciones/IPC/ago2026/anex-IPC-ago2026.xlsx,https://www.dane.gov.co/files/operaciones/IPC/ago2026/anex-IPC-Variacion-ago2026.xlsx,no_disponible
2007-12-01,0.49,5.69,DANE_variacion_reportada,BanRep_IPC_calculada_2_decimales,https://www.dane.gov.co/files/operaciones/IPC/ago2026/anex-IPC-ago2026.xlsx,https://www.dane.gov.co/files/operaciones/IPC/ago2026/anex-IPC-Variacion-ago2026.xlsx,no_disponible
2008-01-01,1.06,6.0,DANE_variacion_reportada,BanRep_IPC_calculada_2_decimales,https://www.dane.gov.co/files/operaciones/IPC/ago2026/anex-IPC-ago2026.xlsx,https://www.dane.gov.co/files/operaciones/IPC/ago2026/anex-IPC-Variacion-ago2026.xlsx,no_disponible
2008-02-01,1.51,6.35,DANE_variacion_reportada,BanRep_IPC_calculada_2_decimales,https://www.dane.gov.co/files/operaciones/IPC/ago2026/anex-IPC-ago2026.xlsx,https://www.dane.gov.co/files/operaciones/IPC/ago2026/anex-IPC-Variacion-ago2026.xlsx,no_disponible
2008-03-01,0.81,5.93,DANE_variacion_reportada,BanRep_IPC_calculada_2_decimales,https://www.dane.gov.co/files/operaciones/IPC/ago2026/anex-IPC-ago2026.xlsx,https://www.dane.gov.co/files/operaciones/IPC/ago2026/anex-IPC-Variacion-ago2026.xlsx,no_disponible
2008-04-01,0.71,5.73,DANE_variacion_reportada,BanRep_IPC_calculada_2_decimales,https://www.dane.gov.co/files/operaciones/IPC/ago2026/anex-IPC-ago2026.xlsx,https://www.dane.gov.co/files/operaciones/IPC/ago2026/anex-IPC-Variacion-ago2026.xlsx,no_disponible
2008-05-01,0.93,6.39,DANE_variacion_reportada,BanRep_IPC_calculada_2_decimales,https://www.dane.gov.co/files/operaciones/IPC/ago2026/anex-IPC-ago2026.xlsx,https://www.dane.gov.co/files/operaciones/IPC/ago2026/anex-IPC-Variacion-ago2026.xlsx,no_disponible
2008-06-01,0.86,7.19,DANE_variacion_reportada,BanRep_IPC_calculada_2_decimales,https://www.dane.gov.co/files/operaciones/IPC/ago2026/anex-IPC-ago2026.xlsx,https://www.dane.gov.co/files/operaciones/IPC/ago2026/anex-IPC-Variacion-ago2026.xlsx,no_disponible
2008-07-01,0.48,7.52,DANE_variacion_reportada,BanRep_IPC_calculada_2_decimales,https://www.dane.gov.co/files/operaciones/IPC/ago2026/anex-IPC-ago2026.xlsx,https://www.dane.gov.co/files/operaciones/IPC/ago2026/anex-IPC-Variacion-ago2026.xlsx,no_disponible
2008-08-01,0.19,7.87,DANE_variacion_reportada,BanRep_IPC_calculada_2_decimales,https://www.dane.gov.co/files/operaciones/IPC/ago2026/anex-IPC-ago2026.xlsx,https://www.dane.gov.co/files/operaciones/IPC/ago2026/anex-IPC-Variacion-ago2026.xlsx,no_disponible
2008-09-01,-0.19,7.57,DANE_variacion_reportada,BanRep_IPC_calculada_2_decimales,https://www.dane.gov.co/files/operaciones/IPC/ago2026/anex-IPC-ago2026.xlsx,https://www.dane.gov.co/files/operaciones/IPC/ago2026/anex-IPC-Variacion-ago2026.xlsx,no_disponible
2008-10-01,0.35,7.94,DANE_variacion_reportada,BanRep_IPC_calculada_2_decimales,https://www.dane.gov.co/files/operaciones/IPC/ago2026/anex-IPC-ago2026.xlsx,https://www.dane.gov.co/files/operaciones/IPC/ago2026/anex-IPC-Variacion-ago2026.xlsx,no_disponible
2008-11-01,0.28,7.72,DANE_variacion_reportada,BanRep_IPC_calculada_2_decimales,https://www.dane.gov.co/files/operaciones/IPC/ago2026/anex-IPC-ago2026.xlsx,https://www.dane.gov.co/files/operaciones/IPC/ago2026/anex-IPC-Variacion-ago2026.xlsx,no_disponible
2008-12-01,0.44,7.68,DANE_variacion_reportada,BanRep_IPC_calculada_2_decimales,https://www.dane.gov.co/files/operaciones/IPC/ago2026/anex-IPC-ago2026.xlsx,https://www.dane.gov.co/files/operaciones/IPC/ago2026/anex-IPC-Variacion-ago2026.xlsx,no_disponible
2009-01-01,0.59,7.17,DANE_variacion_reportada,BanRep_IPC_calculada_2_decimales,https://www.dane.gov.co/files/operaciones/IPC/ago2026/anex-IPC-ago2026.xlsx,https://www.dane.gov.co/files/operaciones/IPC/ago2026/anex-IPC-Variacion-ago2026.xlsx,no_disponible
2009-02-01,0.84,6.47,DANE_variacion_reportada,BanRep_IPC_calculada_2_decimales,https://www.dane.gov.co/files/operaciones/IPC/ago2026/anex-IPC-ago2026.xlsx,https://www.dane.gov.co/files/operaciones/IPC/ago2026/anex-IPC-Variacion-ago2026.xlsx,no_disponible
2009-03-01,0.5,6.13,DANE_variacion_reportada,BanRep_IPC_calculada_2_decimales,https://www.dane.gov.co/files/operaciones/IPC/ago2026/anex-IPC-ago2026.xlsx,https://www.dane.gov.co/files/operaciones/IPC/ago2026/anex-IPC-Variacion-ago2026.xlsx,no_disponible
2009-04-01,0.32,5.73,DANE_variacion_reportada,BanRep_IPC_calculada_2_decimales,https://www.dane.gov.co/files/operaciones/IPC/ago2026/anex-IPC-ago2026.xlsx,https://www.dane.gov.co/files/operaciones/IPC/ago2026/anex-IPC-Variacion-ago2026.xlsx,no_disponible
2009-05-01,0.01,4.77,DANE_variacion_reportada,BanRep_IPC_calculada_2_decimales,https://www.dane.gov.co/files/operaciones/IPC/ago2026/anex-IPC-ago2026.xlsx,https://www.dane.gov.co/files/operaciones/IPC/ago2026/anex-IPC-Variacion-ago2026.xlsx,no_disponible
2009-06-01,-0.06,3.81,DANE_variacion_reportada,BanRep_IPC_calculada_2_decimales,https://www.dane.gov.co/files/operaciones/IPC/ago2026/anex-IPC-ago2026.xlsx,https://www.dane.gov.co/files/operaciones/IPC/ago2026/anex-IPC-Variacion-ago2026.xlsx,no_disponible
2009-07-01,-0.04,3.27,DANE_variacion_reportada,BanRep_IPC_calculada_2_decimales,https://www.dane.gov.co/files/operaciones/IPC/ago2026/anex-IPC-ago2026.xlsx,https://www.dane.gov.co/files/operaciones/IPC/ago2026/anex-IPC-Variacion-ago2026.xlsx,no_disponible
2009-08-01,0.04,3.12,DANE_variacion_reportada,BanRep_IPC_calculada_2_decimales,https://www.dane.gov.co/files/operaciones/IPC/ago2026/anex-IPC-ago2026.xlsx,https://www.dane.gov.co/files/operaciones/IPC/ago2026/anex-IPC-Variacion-ago2026.xlsx,no_disponible
2009-09-01,-0.11,3.21,DANE_variacion_reportada,BanRep_IPC_calculada_2_decimales,https://www.dane.gov.co/files/operaciones/IPC/ago2026/anex-IPC-ago2026.xlsx,https://www.dane.gov.co/files/operaciones/IPC/ago2026/anex-IPC-Variacion-ago2026.xlsx,no_disponible
2009-10-01,-0.13,2.73,DANE_variacion_reportada,BanRep_IPC_calculada_2_decimales,https://www.dane.gov.co/files/operaciones/IPC/ago2026/anex-IPC-ago2026.xlsx,https://www.dane.gov.co/files/operaciones/IPC/ago2026/anex-IPC-Variacion-ago2026.xlsx,no_disponible
2009-11-01,-0.07,2.37,DANE_variacion_reportada,BanRep_IPC_calculada_2_decimales,https://www.dane.gov.co/files/operaciones/IPC/ago2026/anex-IPC-ago2026.xlsx,https://www.dane.gov.co/files/operaciones/IPC/ago2026/anex-IPC-Variacion-ago2026.xlsx,no_disponible
2009-12-01,0.08,2.01,DANE_variacion_reportada,BanRep_IPC_calculada_2_decimales,https://www.dane.gov.co/files/operaciones/IPC/ago2026/anex-IPC-ago2026.xlsx,https://www.dane.gov.co/files/operaciones/IPC/ago2026/anex-IPC-Variacion-ago2026.xlsx,no_disponible
2010-01-01,0.69,2.11,DANE_variacion_reportada,BanRep_IPC_calculada_2_decimales,https://www.dane.gov.co/files/operaciones/IPC/ago2026/anex-IPC-ago2026.xlsx,https://www.dane.gov.co/files/operaciones/IPC/ago2026/anex-IPC-Variacion-ago2026.xlsx,no_disponible
2010-02-01,0.83,2.09,DANE_variacion_reportada,BanRep_IPC_calculada_2_decimales,https://www.dane.gov.co/files/operaciones/IPC/ago2026/anex-IPC-ago2026.xlsx,https://www.dane.gov.co/files/operaciones/IPC/ago2026/anex-IPC-Variacion-ago2026.xlsx,no_disponible
2010-03-01,0.25,1.84,DANE_variacion_reportada,BanRep_IPC_calculada_2_decimales,https://www.dane.gov.co/files/operaciones/IPC/ago2026/anex-IPC-ago2026.xlsx,https://www.dane.gov.co/files/operaciones/IPC/ago2026/anex-IPC-Variacion-ago2026.xlsx,no_disponible
2010-04-01,0.46,1.98,DANE_variacion_reportada,BanRep_IPC_calculada_2_decimales,https://www.dane.gov.co/files/operaciones/IPC/ago2026/anex-IPC-ago2026.xlsx,https://www.dane.gov.co/files/operaciones/IPC/ago2026/anex-IPC-Variacion-ago2026.xlsx,no_disponible
2010-05-01,0.1,2.07,DANE_variacion_reportada,BanRep_IPC_calculada_2_decimales,https://www.dane.gov.co/files/operaciones/IPC/ago2026/anex-IPC-ago2026.xlsx,https://www.dane.gov.co/files/operaciones/IPC/ago2026/anex-IPC-Variacion-ago2026.xlsx,no_disponible
2010-06-01,0.11,2.24,DANE_variacion_reportada,BanRep_IPC_calculada_2_decimales,https://www.dane.gov.co/files/operaciones/IPC/ago2026/anex-IPC-ago2026.xlsx,https://www.dane.gov.co/files/operaciones/IPC/ago2026/anex-IPC-Variacion-ago2026.xlsx,no_disponible
2010-07-01,-0.04,2.24,DANE_variacion_reportada,BanRep_IPC_calculada_2_decimales,https://www.dane.gov.co/files/operaciones/IPC/ago2026/anex-IPC-ago2026.xlsx,https://www.dane.gov.co/files/operaciones/IPC/ago2026/anex-IPC-Variacion-ago2026.xlsx,no_disponible
2010-08-01,0.11,2.31,DANE_variacion_reportada,BanRep_IPC_calculada_2_decimales,https://www.dane.gov.co/files/operaciones/IPC/ago2026/anex-IPC-ago2026.xlsx,https://www.dane.gov.co/files/operaciones/IPC/ago2026/anex-IPC-Variacion-ago2026.xlsx,no_disponible
2010-09-01,-0.14,2.27,DANE_variacion_reportada,BanRep_IPC_calculada_2_decimales,https://www.dane.gov.co/files/operaciones/IPC/ago2026/anex-IPC-ago2026.xlsx,https://www.dane.gov.co/files/operaciones/IPC/ago2026/anex-IPC-Variacion-ago2026.xlsx,no_disponible
2010-10-01,-0.09,2.32,DANE_variacion_reportada,BanRep_IPC_calculada_2_decimales,https://www.dane.gov.co/files/operaciones/IPC/ago2026/anex-IPC-ago2026.xlsx,https://www.dane.gov.co/files/operaciones/IPC/ago2026/anex-IPC-Variacion-ago2026.xlsx,no_disponible
2010-11-01,0.19,2.59,DANE_variacion_reportada,BanRep_IPC_calculada_2_decimales,https://www.dane.gov.co/files/operaciones/IPC/ago2026/anex-IPC-ago2026.xlsx,https://www.dane.gov.co/files/operaciones/IPC/ago2026/anex-IPC-Variacion-ago2026.xlsx,no_disponible
2010-12-01,0.65,3.16,DANE_variacion_reportada,BanRep_IPC_calculada_2_decimales,https://www.dane.gov.co/files/operaciones/IPC/ago2026/anex-IPC-ago2026.xlsx,https://www.dane.gov.co/files/operaciones/IPC/ago2026/anex-IPC-Variacion-ago2026.xlsx,no_disponible
2011-01-01,0.91,3.39,DANE_variacion_reportada,BanRep_IPC_calculada_2_decimales,https://www.dane.gov.co/files/operaciones/IPC/ago2026/anex-IPC-ago2026.xlsx,https://www.dane.gov.co/files/operaciones/IPC/ago2026/anex-IPC-Variacion-ago2026.xlsx,no_disponible
2011-02-01,0.6,3.17,DANE_variacion_reportada,BanRep_IPC_calculada_2_decimales,https://www.dane.gov.co/files/operaciones/IPC/ago2026/anex-IPC-ago2026.xlsx,https://www.dane.gov.co/files/operaciones/IPC/ago2026/anex-IPC-Variacion-ago2026.xlsx,no_disponible
2011-03-01,0.27,3.19,DANE_variacion_reportada,BanRep_IPC_calculada_2_decimales,https://www.dane.gov.co/files/operaciones/IPC/ago2026/anex-IPC-ago2026.xlsx,https://www.dane.gov.co/files/operaciones/IPC/ago2026/anex-IPC-Variacion-ago2026.xlsx,no_disponible
2011-04-01,0.12,2.84,DANE_variacion_reportada,BanRep_IPC_calculada_2_decimales,https://www.dane.gov.co/files/operaciones/IPC/ago2026/anex-IPC-ago2026.xlsx,https://www.dane.gov.co/files/operaciones/IPC/ago2026/anex-IPC-Variacion-ago2026.xlsx,no_disponible
2011-05-01,0.28,3.02,DANE_variacion_reportada,BanRep_IPC_calculada_2_decimales,https://www.dane.gov.co/files/operaciones/IPC/ago2026/anex-IPC-ago2026.xlsx,https://www.dane.gov.co/files/operaciones/IPC/ago2026/anex-IPC-Variacion-ago2026.xlsx,no_disponible
2011-06-01,0.32,3.24,DANE_variacion_reportada,BanRep_IPC_calculada_2_decimales,https://www.dane.gov.co/files/operaciones/IPC/ago2026/anex-IPC-ago2026.xlsx,https://www.dane.gov.co/files/operaciones/IPC/ago2026/anex-IPC-Variacion-ago2026.xlsx,no_disponible
2011-07-01,0.14,3.43,DANE_variacion_reportada,BanRep_IPC_calculada_2_decimales,https://www.dane.gov.co/files/operaciones/IPC/ago2026/anex-IPC-ago2026.xlsx,https://www.dane.gov.co/files/operaciones/IPC/ago2026/anex-IPC-Variacion-ago2026.xlsx,no_disponible
2011-08-01,-0.03,3.27,DANE_variacion_reportada,BanRep_IPC_calculada_2_decimales,https://www.dane.gov.co/files/operaciones/IPC/ago2026/anex-IPC-ago2026.xlsx,https://www.dane.gov.co/files/operaciones/IPC/ago2026/anex-IPC-Variacion-ago2026.xlsx,no_disponible
2011-09-01,0.31,3.73,DANE_variacion_reportada,BanRep_IPC_calculada_2_decimales,https://www.dane.gov.co/files/operaciones/IPC/ago2026/anex-IPC-ago2026.xlsx,https://www.dane.gov.co/files/operaciones/IPC/ago2026/anex-IPC-Variacion-ago2026.xlsx,no_disponible
2011-10-01,0.19,4.02,DANE_variacion_reportada,BanRep_IPC_calculada_2_decimales,https://www.dane.gov.co/files/operaciones/IPC/ago2026/anex-IPC-ago2026.xlsx,https://www.dane.gov.co/files/operaciones/IPC/ago2026/anex-IPC-Variacion-ago2026.xlsx,no_disponible
2011-11-01,0.14,3.96,DANE_variacion_reportada,BanRep_IPC_calculada_2_decimales,https://www.dane.gov.co/files/operaciones/IPC/ago2026/anex-IPC-ago2026.xlsx,https://www.dane.gov.co/files/operaciones/IPC/ago2026/anex-IPC-Variacion-ago2026.xlsx,no_disponible
2011-12-01,0.42,3.73,DANE_variacion_reportada,BanRep_IPC_calculada_2_decimales,https://www.dane.gov.co/files/operaciones/IPC/ago2026/anex-IPC-ago2026.xlsx,https://www.dane.gov.co/files/operaciones/IPC/ago2026/anex-IPC-Variacion-ago2026.xlsx,no_disponible
2012-01-01,0.73,3.55,DANE_variacion_reportada,BanRep_IPC_calculada_2_decimales,https://www.dane.gov.co/files/operaciones/IPC/ago2026/anex-IPC-ago2026.xlsx,https://www.dane.gov.co/files/operaciones/IPC/ago2026/anex-IPC-Variacion-ago2026.xlsx,no_disponible
2012-02-01,0.61,3.55,DANE_variacion_reportada,BanRep_IPC_calculada_2_decimales,https://www.dane.gov.co/files/operaciones/IPC/ago2026/anex-IPC-ago2026.xlsx,https://www.dane.gov.co/files/operaciones/IPC/ago2026/anex-IPC-Variacion-ago2026.xlsx,no_disponible
2012-03-01,0.12,3.4,DANE_variacion_reportada,BanRep_IPC_calculada_2_decimales,https://www.dane.gov.co/files/operaciones/IPC/ago2026/anex-IPC-ago2026.xlsx,https://www.dane.gov.co/files/operaciones/IPC/ago2026/anex-IPC-Variacion-ago2026.xlsx,no_disponible
2012-04-01,0.14,3.42,DANE_variacion_reportada,BanRep_IPC_calculada_2_decimales,https://www.dane.gov.co/files/operaciones/IPC/ago2026/anex-IPC-ago2026.xlsx,https://www.dane.gov.co/files/operaciones/IPC/ago2026/anex-IPC-Variacion-ago2026.xlsx,no_disponible
2012-05-01,0.3,3.45,DANE_variacion_reportada,BanRep_IPC_calculada_2_decimales,https://www.dane.gov.co/files/operaciones/IPC/ago2026/anex-IPC-ago2026.xlsx,https://www.dane.gov.co/files/operaciones/IPC/ago2026/anex-IPC-Variacion-ago2026.xlsx,no_disponible
2012-06-01,0.08,3.2,DANE_variacion_reportada,BanRep_IPC_calculada_2_decimales,https://www.dane.gov.co/files/operaciones/IPC/ago2026/anex-IPC-ago2026.xlsx,https://www.dane.gov.co/files/operaciones/IPC/ago2026/anex-IPC-Variacion-ago2026.xlsx,no_disponible
2012-07-01,-0.02,3.02,DANE_variacion_reportada,BanRep_IPC_calculada_2_decimales,https://www.dane.gov.co/files/operaciones/IPC/ago2026/anex-IPC-ago2026.xlsx,https://www.dane.gov.co/files/operaciones/IPC/ago2026/anex-IPC-Variacion-ago2026.xlsx,no_disponible
2012-08-01,0.04,3.1,DANE_variacion_reportada,BanRep_IPC_calculada_2_decimales,https://www.dane.gov.co/files/operaciones/IPC/ago2026/anex-IPC-ago2026.xlsx,https://www.dane.gov.co/files/operaciones/IPC/ago2026/anex-IPC-Variacion-ago2026.xlsx,no_disponible
2012-09-01,0.29,3.09,DANE_variacion_reportada,BanRep_IPC_calculada_2_decimales,https://www.dane.gov.co/files/operaciones/IPC/ago2026/anex-IPC-ago2026.xlsx,https://www.dane.gov.co/files/operaciones/IPC/ago2026/anex-IPC-Variacion-ago2026.xlsx,no_disponible
2012-10-01,0.16,3.05,DANE_variacion_reportada,BanRep_IPC_calculada_2_decimales,https://www.dane.gov.co/files/operaciones/IPC/ago2026/anex-IPC-ago2026.xlsx,https://www.dane.gov.co/files/operaciones/IPC/ago2026/anex-IPC-Variacion-ago2026.xlsx,no_disponible
2012-11-01,-0.14,2.78,DANE_variacion_reportada,BanRep_IPC_calculada_2_decimales,https://www.dane.gov.co/files/operaciones/IPC/ago2026/anex-IPC-ago2026.xlsx,https://www.dane.gov.co/files/operaciones/IPC/ago2026/anex-IPC-Variacion-ago2026.xlsx,no_disponible
2012-12-01,0.09,2.44,DANE_variacion_reportada,BanRep_IPC_calculada_2_decimales,https://www.dane.gov.co/files/operaciones/IPC/ago2026/anex-IPC-ago2026.xlsx,https://www.dane.gov.co/files/operaciones/IPC/ago2026/anex-IPC-Variacion-ago2026.xlsx,no_disponible
2013-01-01,0.3,1.99,DANE_variacion_reportada,BanRep_IPC_calculada_2_decimales,https://www.dane.gov.co/files/operaciones/IPC/ago2026/anex-IPC-ago2026.xlsx,https://www.dane.gov.co/files/operaciones/IPC/ago2026/anex-IPC-Variacion-ago2026.xlsx,no_disponible
2013-02-01,0.44,1.83,DANE_variacion_reportada,BanRep_IPC_calculada_2_decimales,https://www.dane.gov.co/files/operaciones/IPC/ago2026/anex-IPC-ago2026.xlsx,https://www.dane.gov.co/files/operaciones/IPC/ago2026/anex-IPC-Variacion-ago2026.xlsx,no_disponible
2013-03-01,0.21,1.91,DANE_variacion_reportada,BanRep_IPC_calculada_2_decimales,https://www.dane.gov.co/files/operaciones/IPC/ago2026/anex-IPC-ago2026.xlsx,https://www.dane.gov.co/files/operaciones/IPC/ago2026/anex-IPC-Variacion-ago2026.xlsx,no_disponible
2013-04-01,0.25,2.03,DANE_variacion_reportada,BanRep_IPC_calculada_2_decimales,https://www.dane.gov.co/files/operaciones/IPC/ago2026/anex-IPC-ago2026.xlsx,https://www.dane.gov.co/files/operaciones/IPC/ago2026/anex-IPC-Variacion-ago2026.xlsx,no_disponible
2013-05-01,0.28,2.0,DANE_variacion_reportada,BanRep_IPC_calculada_2_decimales,https://www.dane.gov.co/files/operaciones/IPC/ago2026/anex-IPC-ago2026.xlsx,https://www.dane.gov.co/files/operaciones/IPC/ago2026/anex-IPC-Variacion-ago2026.xlsx,no_disponible
2013-06-01,0.23,2.15,DANE_variacion_reportada,BanRep_IPC_calculada_2_decimales,https://www.dane.gov.co/files/operaciones/IPC/ago2026/anex-IPC-ago2026.xlsx,https://www.dane.gov.co/files/operaciones/IPC/ago2026/anex-IPC-Variacion-ago2026.xlsx,no_disponible
2013-07-01,0.04,2.23,DANE_variacion_reportada,BanRep_IPC_calculada_2_decimales,https://www.dane.gov.co/files/operaciones/IPC/ago2026/anex-IPC-ago2026.xlsx,https://www.dane.gov.co/files/operaciones/IPC/ago2026/anex-IPC-Variacion-ago2026.xlsx,no_disponible
2013-08-01,0.08,2.28,DANE_variacion_reportada,BanRep_IPC_calculada_2_decimales,https://www.dane.gov.co/files/operaciones/IPC/ago2026/anex-IPC-ago2026.xlsx,https://www.dane.gov.co/files/operaciones/IPC/ago2026/anex-IPC-Variacion-ago2026.xlsx,no_disponible
2013-09-01,0.29,2.27,DANE_variacion_reportada,BanRep_IPC_calculada_2_decimales,https://www.dane.gov.co/files/operaciones/IPC/ago2026/anex-IPC-ago2026.xlsx,https://www.dane.gov.co/files/operaciones/IPC/ago2026/anex-IPC-Variacion-ago2026.xlsx,no_disponible
2013-10-01,-0.26,1.84,DANE_variacion_reportada,BanRep_IPC_calculada_2_decimales,https://www.dane.gov.co/files/operaciones/IPC/ago2026/anex-IPC-ago2026.xlsx,https://www.dane.gov.co/files/operaciones/IPC/ago2026/anex-IPC-Variacion-ago2026.xlsx,no_disponible
2013-11-01,-0.22,1.76,DANE_variacion_reportada,BanRep_IPC_calculada_2_decimales,https://www.dane.gov.co/files/operaciones/IPC/ago2026/anex-IPC-ago2026.xlsx,https://www.dane.gov.co/files/operaciones/IPC/ago2026/anex-IPC-Variacion-ago2026.xlsx,no_disponible
2013-12-01,0.26,1.93,DANE_variacion_reportada,BanRep_IPC_calculada_2_decimales,https://www.dane.gov.co/files/operaciones/IPC/ago2026/anex-IPC-ago2026.xlsx,https://www.dane.gov.co/files/operaciones/IPC/ago2026/anex-IPC-Variacion-ago2026.xlsx,no_disponible
2014-01-01,0.49,2.13,DANE_variacion_reportada,BanRep_IPC_calculada_2_decimales,https://www.dane.gov.co/files/operaciones/IPC/ago2026/anex-IPC-ago2026.xlsx,https://www.dane.gov.co/files/operaciones/IPC/ago2026/anex-IPC-Variacion-ago2026.xlsx,no_disponible
2014-02-01,0.63,2.31,DANE_variacion_reportada,BanRep_IPC_calculada_2_decimales,https://www.dane.gov.co/files/operaciones/IPC/ago2026/anex-IPC-ago2026.xlsx,https://www.dane.gov.co/files/operaciones/IPC/ago2026/anex-IPC-Variacion-ago2026.xlsx,no_disponible
2014-03-01,0.39,2.51,DANE_variacion_reportada,BanRep_IPC_calculada_2_decimales,https://www.dane.gov.co/files/operaciones/IPC/ago2026/anex-IPC-ago2026.xlsx,https://www.dane.gov.co/files/operaciones/IPC/ago2026/anex-IPC-Variacion-ago2026.xlsx,no_disponible
2014-04-01,0.46,2.72,DANE_variacion_reportada,BanRep_IPC_calculada_2_decimales,https://www.dane.gov.co/files/operaciones/IPC/ago2026/anex-IPC-ago2026.xlsx,https://www.dane.gov.co/files/operaciones/IPC/ago2026/anex-IPC-Variacion-ago2026.xlsx,no_disponible
2014-05-01,0.48,2.93,DANE_variacion_reportada,BanRep_IPC_calculada_2_decimales,https://www.dane.gov.co/files/operaciones/IPC/ago2026/anex-IPC-ago2026.xlsx,https://www.dane.gov.co/files/operaciones/IPC/ago2026/anex-IPC-Variacion-ago2026.xlsx,no_disponible
2014-06-01,0.09,2.8,DANE_variacion_reportada,BanRep_IPC_calculada_2_decimales,https://www.dane.gov.co/files/operaciones/IPC/ago2026/anex-IPC-ago2026.xlsx,https://www.dane.gov.co/files/operaciones/IPC/ago2026/anex-IPC-Variacion-ago2026.xlsx,no_disponible
2014-07-01,0.15,2.9,DANE_variacion_reportada,BanRep_IPC_calculada_2_decimales,https://www.dane.gov.co/files/operaciones/IPC/ago2026/anex-IPC-ago2026.xlsx,https://www.dane.gov.co/files/operaciones/IPC/ago2026/anex-IPC-Variacion-ago2026.xlsx,no_disponible
2014-08-01,0.2,3.02,DANE_variacion_reportada,BanRep_IPC_calculada_2_decimales,https://www.dane.gov.co/files/operaciones/IPC/ago2026/anex-IPC-ago2026.xlsx,https://www.dane.gov.co/files/operaciones/IPC/ago2026/anex-IPC-Variacion-ago2026.xlsx,no_disponible
2014-09-01,0.14,2.86,DANE_variacion_reportada,BanRep_IPC_calculada_2_decimales,https://www.dane.gov.co/files/operaciones/IPC/ago2026/anex-IPC-ago2026.xlsx,https://www.dane.gov.co/files/operaciones/IPC/ago2026/anex-IPC-Variacion-ago2026.xlsx,no_disponible
2014-10-01,0.16,3.29,DANE_variacion_reportada,BanRep_IPC_calculada_2_decimales,https://www.dane.gov.co/files/operaciones/IPC/ago2026/anex-IPC-ago2026.xlsx,https://www.dane.gov.co/files/operaciones/IPC/ago2026/anex-IPC-Variacion-ago2026.xlsx,no_disponible
2014-11-01,0.13,3.65,DANE_variacion_reportada,BanRep_IPC_calculada_2_decimales,https://www.dane.gov.co/files/operaciones/IPC/ago2026/anex-IPC-ago2026.xlsx,https://www.dane.gov.co/files/operaciones/IPC/ago2026/anex-IPC-Variacion-ago2026.xlsx,no_disponible
2014-12-01,0.27,3.66,DANE_variacion_reportada,BanRep_IPC_calculada_2_decimales,https://www.dane.gov.co/files/operaciones/IPC/ago2026/anex-IPC-ago2026.xlsx,https://www.dane.gov.co/files/operaciones/IPC/ago2026/anex-IPC-Variacion-ago2026.xlsx,no_disponible
2015-01-01,0.64,3.81,DANE_variacion_reportada,BanRep_IPC_calculada_2_decimales,https://www.dane.gov.co/files/operaciones/IPC/ago2026/anex-IPC-ago2026.xlsx,https://www.dane.gov.co/files/operaciones/IPC/ago2026/anex-IPC-Variacion-ago2026.xlsx,no_disponible
2015-02-01,1.15,4.36,DANE_variacion_reportada,BanRep_IPC_calculada_2_decimales,https://www.dane.gov.co/files/operaciones/IPC/ago2026/anex-IPC-ago2026.xlsx,https://www.dane.gov.co/files/operaciones/IPC/ago2026/anex-IPC-Variacion-ago2026.xlsx,no_disponible
2015-03-01,0.59,4.56,DANE_variacion_reportada,BanRep_IPC_calculada_2_decimales,https://www.dane.gov.co/files/operaciones/IPC/ago2026/anex-IPC-ago2026.xlsx,https://www.dane.gov.co/files/operaciones/IPC/ago2026/anex-IPC-Variacion-ago2026.xlsx,no_disponible
2015-04-01,0.54,4.63,DANE_variacion_reportada,BanRep_IPC_calculada_2_decimales,https://www.dane.gov.co/files/operaciones/IPC/ago2026/anex-IPC-ago2026.xlsx,https://www.dane.gov.co/files/operaciones/IPC/ago2026/anex-IPC-Variacion-ago2026.xlsx,no_disponible
2015-05-01,0.26,4.4,DANE_variacion_reportada,BanRep_IPC_calculada_2_decimales,https://www.dane.gov.co/files/operaciones/IPC/ago2026/anex-IPC-ago2026.xlsx,https://www.dane.gov.co/files/operaciones/IPC/ago2026/anex-IPC-Variacion-ago2026.xlsx,no_disponible
2015-06-01,0.1,4.41,DANE_variacion_reportada,BanRep_IPC_calculada_2_decimales,https://www.dane.gov.co/files/operaciones/IPC/ago2026/anex-IPC-ago2026.xlsx,https://www.dane.gov.co/files/operaciones/IPC/ago2026/anex-IPC-Variacion-ago2026.xlsx,no_disponible
2015-07-01,0.19,4.45,DANE_variacion_reportada,BanRep_IPC_calculada_2_decimales,https://www.dane.gov.co/files/operaciones/IPC/ago2026/anex-IPC-ago2026.xlsx,https://www.dane.gov.co/files/operaciones/IPC/ago2026/anex-IPC-Variacion-ago2026.xlsx,no_disponible
2015-08-01,0.48,4.74,DANE_variacion_reportada,BanRep_IPC_calculada_2_decimales,https://www.dane.gov.co/files/operaciones/IPC/ago2026/anex-IPC-ago2026.xlsx,https://www.dane.gov.co/files/operaciones/IPC/ago2026/anex-IPC-Variacion-ago2026.xlsx,no_disponible
2015-09-01,0.72,5.34,DANE_variacion_reportada,BanRep_IPC_calculada_2_decimales,https://www.dane.gov.co/files/operaciones/IPC/ago2026/anex-IPC-ago2026.xlsx,https://www.dane.gov.co/files/operaciones/IPC/ago2026/anex-IPC-Variacion-ago2026.xlsx,no_disponible
2015-10-01,0.68,5.89,DANE_variacion_reportada,BanRep_IPC_calculada_2_decimales,https://www.dane.gov.co/files/operaciones/IPC/ago2026/anex-IPC-ago2026.xlsx,https://www.dane.gov.co/files/operaciones/IPC/ago2026/anex-IPC-Variacion-ago2026.xlsx,no_disponible
2015-11-01,0.6,6.4,DANE_variacion_reportada,BanRep_IPC_calculada_2_decimales,https://www.dane.gov.co/files/operaciones/IPC/ago2026/anex-IPC-ago2026.xlsx,https://www.dane.gov.co/files/operaciones/IPC/ago2026/anex-IPC-Variacion-ago2026.xlsx,no_disponible
2015-12-01,0.62,6.77,DANE_variacion_reportada,BanRep_IPC_calculada_2_decimales,https://www.dane.gov.co/files/operaciones/IPC/ago2026/anex-IPC-ago2026.xlsx,https://www.dane.gov.co/files/operaciones/IPC/ago2026/anex-IPC-Variacion-ago2026.xlsx,no_disponible
2016-01-01,1.29,7.46,DANE_variacion_reportada,BanRep_IPC_calculada_2_decimales,https://www.dane.gov.co/files/operaciones/IPC/ago2026/anex-IPC-ago2026.xlsx,https://www.dane.gov.co/files/operaciones/IPC/ago2026/anex-IPC-Variacion-ago2026.xlsx,no_disponible
2016-02-01,1.28,7.59,DANE_variacion_reportada,BanRep_IPC_calculada_2_decimales,https://www.dane.gov.co/files/operaciones/IPC/ago2026/anex-IPC-ago2026.xlsx,https://www.dane.gov.co/files/operaciones/IPC/ago2026/anex-IPC-Variacion-ago2026.xlsx,no_disponible
2016-03-01,0.94,7.97,DANE_variacion_reportada,BanRep_IPC_calculada_2_decimales,https://www.dane.gov.co/files/operaciones/IPC/ago2026/anex-IPC-ago2026.xlsx,https://www.dane.gov.co/files/operaciones/IPC/ago2026/anex-IPC-Variacion-ago2026.xlsx,no_disponible
2016-04-01,0.5,7.93,DANE_variacion_reportada,BanRep_IPC_calculada_2_decimales,https://www.dane.gov.co/files/operaciones/IPC/ago2026/anex-IPC-ago2026.xlsx,https://www.dane.gov.co/files/operaciones/IPC/ago2026/anex-IPC-Variacion-ago2026.xlsx,no_disponible
2016-05-01,0.51,8.2,DANE_variacion_reportada,BanRep_IPC_calculada_2_decimales,https://www.dane.gov.co/files/operaciones/IPC/ago2026/anex-IPC-ago2026.xlsx,https://www.dane.gov.co/files/operaciones/IPC/ago2026/anex-IPC-Variacion-ago2026.xlsx,no_disponible
2016-06-01,0.48,8.6,DANE_variacion_reportada,BanRep_IPC_calculada_2_decimales,https://www.dane.gov.co/files/operaciones/IPC/ago2026/anex-IPC-ago2026.xlsx,https://www.dane.gov.co/files/operaciones/IPC/ago2026/anex-IPC-Variacion-ago2026.xlsx,no_disponible
2016-07-01,0.52,8.96,DANE_variacion_reportada,BanRep_IPC_calculada_2_decimales,https://www.dane.gov.co/files/operaciones/IPC/ago2026/anex-IPC-ago2026.xlsx,https://www.dane.gov.co/files/operaciones/IPC/ago2026/anex-IPC-Variacion-ago2026.xlsx,no_disponible
2016-08-01,-0.32,8.1,DANE_variacion_reportada,BanRep_IPC_calculada_2_decimales,https://www.dane.gov.co/files/operaciones/IPC/ago2026/anex-IPC-ago2026.xlsx,https://www.dane.gov.co/files/operaciones/IPC/ago2026/anex-IPC-Variacion-ago2026.xlsx,no_disponible
2016-09-01,-0.05,7.28,DANE_variacion_reportada,BanRep_IPC_calculada_2_decimales,https://www.dane.gov.co/files/operaciones/IPC/ago2026/anex-IPC-ago2026.xlsx,https://www.dane.gov.co/files/operaciones/IPC/ago2026/anex-IPC-Variacion-ago2026.xlsx,no_disponible
2016-10-01,-0.06,6.48,DANE_variacion_reportada,BanRep_IPC_calculada_2_decimales,https://www.dane.gov.co/files/operaciones/IPC/ago2026/anex-IPC-ago2026.xlsx,https://www.dane.gov.co/files/operaciones/IPC/ago2026/anex-IPC-Variacion-ago2026.xlsx,no_disponible
2016-11-01,0.11,5.97,DANE_variacion_reportada,BanRep_IPC_calculada_2_decimales,https://www.dane.gov.co/files/operaciones/IPC/ago2026/anex-IPC-ago2026.xlsx,https://www.dane.gov.co/files/operaciones/IPC/ago2026/anex-IPC-Variacion-ago2026.xlsx,no_disponible
2016-12-01,0.42,5.75,DANE_variacion_reportada,BanRep_IPC_calculada_2_decimales,https://www.dane.gov.co/files/operaciones/IPC/ago2026/anex-IPC-ago2026.xlsx,https://www.dane.gov.co/files/operaciones/IPC/ago2026/anex-IPC-Variacion-ago2026.xlsx,no_disponible
2017-01-01,1.02,5.47,DANE_variacion_reportada,BanRep_IPC_calculada_2_decimales,https://www.dane.gov.co/files/operaciones/IPC/ago2026/anex-IPC-ago2026.xlsx,https://www.dane.gov.co/files/operaciones/IPC/ago2026/anex-IPC-Variacion-ago2026.xlsx,no_disponible
2017-02-01,1.01,5.18,DANE_variacion_reportada,BanRep_IPC_calculada_2_decimales,https://www.dane.gov.co/files/operaciones/IPC/ago2026/anex-IPC-ago2026.xlsx,https://www.dane.gov.co/files/operaciones/IPC/ago2026/anex-IPC-Variacion-ago2026.xlsx,no_disponible
2017-03-01,0.47,4.69,DANE_variacion_reportada,BanRep_IPC_calculada_2_decimales,https://www.dane.gov.co/files/operaciones/IPC/ago2026/anex-IPC-ago2026.xlsx,https://www.dane.gov.co/files/operaciones/IPC/ago2026/anex-IPC-Variacion-ago2026.xlsx,no_disponible
2017-04-01,0.47,4.67,DANE_variacion_reportada,BanRep_IPC_calculada_2_decimales,https://www.dane.gov.co/files/operaciones/IPC/ago2026/anex-IPC-ago2026.xlsx,https://www.dane.gov.co/files/operaciones/IPC/ago2026/anex-IPC-Variacion-ago2026.xlsx,no_disponible
2017-05-01,0.23,4.36,DANE_variacion_reportada,BanRep_IPC_calculada_2_decimales,https://www.dane.gov.co/files/operaciones/IPC/ago2026/anex-IPC-ago2026.xlsx,https://www.dane.gov.co/files/operaciones/IPC/ago2026/anex-IPC-Variacion-ago2026.xlsx,no_disponible
2017-06-01,0.11,3.99,DANE_variacion_reportada,BanRep_IPC_calculada_2_decimales,https://www.dane.gov.co/files/operaciones/IPC/ago2026/anex-IPC-ago2026.xlsx,https://www.dane.gov.co/files/operaciones/IPC/ago2026/anex-IPC-Variacion-ago2026.xlsx,no_disponible
2017-07-01,-0.05,3.4,DANE_variacion_reportada,BanRep_IPC_calculada_2_decimales,https://www.dane.gov.co/files/operaciones/IPC/ago2026/anex-IPC-ago2026.xlsx,https://www.dane.gov.co/files/operaciones/IPC/ago2026/anex-IPC-Variacion-ago2026.xlsx,no_disponible
2017-08-01,0.14,3.87,DANE_variacion_reportada,BanRep_IPC_calculada_2_decimales,https://www.dane.gov.co/files/operaciones/IPC/ago2026/anex-IPC-ago2026.xlsx,https://www.dane.gov.co/files/operaciones/IPC/ago2026/anex-IPC-Variacion-ago2026.xlsx,no_disponible
2017-09-01,0.04,3.97,DANE_variacion_reportada,BanRep_IPC_calculada_2_decimales,https://www.dane.gov.co/files/operaciones/IPC/ago2026/anex-IPC-ago2026.xlsx,https://www.dane.gov.co/files/operaciones/IPC/ago2026/anex-IPC-Variacion-ago2026.xlsx,no_disponible
2017-10-01,0.02,4.05,DANE_variacion_reportada,BanRep_IPC_calculada_2_decimales,https://www.dane.gov.co/files/operaciones/IPC/ago2026/anex-IPC-ago2026.xlsx,https://www.dane.gov.co/files/operaciones/IPC/ago2026/anex-IPC-Variacion-ago2026.xlsx,no_disponible
2017-11-01,0.18,4.12,DANE_variacion_reportada,BanRep_IPC_calculada_2_decimales,https://www.dane.gov.co/files/operaciones/IPC/ago2026/anex-IPC-ago2026.xlsx,https://www.dane.gov.co/files/operaciones/IPC/ago2026/anex-IPC-Variacion-ago2026.xlsx,no_disponible
2017-12-01,0.38,4.09,DANE_variacion_reportada,BanRep_IPC_calculada_2_decimales,https://www.dane.gov.co/files/operaciones/IPC/ago2026/anex-IPC-ago2026.xlsx,https://www.dane.gov.co/files/operaciones/IPC/ago2026/anex-IPC-Variacion-ago2026.xlsx,no_disponible
2018-01-01,0.63,3.68,DANE_variacion_reportada,BanRep_IPC_calculada_2_decimales,https://www.dane.gov.co/files/operaciones/IPC/ago2026/anex-IPC-ago2026.xlsx,https://www.dane.gov.co/files/operaciones/IPC/ago2026/anex-IPC-Variacion-ago2026.xlsx,no_disponible
2018-02-01,0.71,3.38,DANE_variacion_reportada,BanRep_IPC_calculada_2_decimales,https://www.dane.gov.co/files/operaciones/IPC/ago2026/anex-IPC-ago2026.xlsx,https://www.dane.gov.co/files/operaciones/IPC/ago2026/anex-IPC-Variacion-ago2026.xlsx,no_disponible
2018-03-01,0.24,3.13,DANE_variacion_reportada,BanRep_IPC_calculada_2_decimales,https://www.dane.gov.co/files/operaciones/IPC/ago2026/anex-IPC-ago2026.xlsx,https://www.dane.gov.co/files/operaciones/IPC/ago2026/anex-IPC-Variacion-ago2026.xlsx,no_disponible
2018-04-01,0.46,3.13,DANE_variacion_reportada,BanRep_IPC_calculada_2_decimales,https://www.dane.gov.co/files/operaciones/IPC/ago2026/anex-IPC-ago2026.xlsx,https://www.dane.gov.co/files/operaciones/IPC/ago2026/anex-IPC-Variacion-ago2026.xlsx,no_disponible
2018-05-01,0.25,3.16,DANE_variacion_reportada,BanRep_IPC_calculada_2_decimales,https://www.dane.gov.co/files/operaciones/IPC/ago2026/anex-IPC-ago2026.xlsx,https://www.dane.gov.co/files/operaciones/IPC/ago2026/anex-IPC-Variacion-ago2026.xlsx,no_disponible
2018-06-01,0.15,3.2,DANE_variacion_reportada,BanRep_IPC_calculada_2_decimales,https://www.dane.gov.co/files/operaciones/IPC/ago2026/anex-IPC-ago2026.xlsx,https://www.dane.gov.co/files/operaciones/IPC/ago2026/anex-IPC-Variacion-ago2026.xlsx,no_disponible
2018-07-01,-0.13,3.12,DANE_variacion_reportada,BanRep_IPC_calculada_2_decimales,https://www.dane.gov.co/files/operaciones/IPC/ago2026/anex-IPC-ago2026.xlsx,https://www.dane.gov.co/files/operaciones/IPC/ago2026/anex-IPC-Variacion-ago2026.xlsx,no_disponible
2018-08-01,0.12,3.09,DANE_variacion_reportada,BanRep_IPC_calculada_2_decimales,https://www.dane.gov.co/files/operaciones/IPC/ago2026/anex-IPC-ago2026.xlsx,https://www.dane.gov.co/files/operaciones/IPC/ago2026/anex-IPC-Variacion-ago2026.xlsx,no_disponible
2018-09-01,0.16,3.23,DANE_variacion_reportada,BanRep_IPC_calculada_2_decimales,https://www.dane.gov.co/files/operaciones/IPC/ago2026/anex-IPC-ago2026.xlsx,https://www.dane.gov.co/files/operaciones/IPC/ago2026/anex-IPC-Variacion-ago2026.xlsx,no_disponible
2018-10-01,0.12,3.34,DANE_variacion_reportada,BanRep_IPC_calculada_2_decimales,https://www.dane.gov.co/files/operaciones/IPC/ago2026/anex-IPC-ago2026.xlsx,https://www.dane.gov.co/files/operaciones/IPC/ago2026/anex-IPC-Variacion-ago2026.xlsx,no_disponible
2018-11-01,0.12,3.26,DANE_variacion_reportada,BanRep_IPC_calculada_2_decimales,https://www.dane.gov.co/files/operaciones/IPC/ago2026/anex-IPC-ago2026.xlsx,https://www.dane.gov.co/files/operaciones/IPC/ago2026/anex-IPC-Variacion-ago2026.xlsx,no_disponible
2018-12-01,0.3,3.18,DANE_variacion_reportada,BanRep_IPC_calculada_2_decimales,https://www.dane.gov.co/files/operaciones/IPC/ago2026/anex-IPC-ago2026.xlsx,https://www.dane.gov.co/files/operaciones/IPC/ago2026/anex-IPC-Variacion-ago2026.xlsx,no_disponible
2019-01-01,0.6,3.15,DANE_variacion_reportada,BanRep_IPC_calculada_2_decimales,https://www.dane.gov.co/files/operaciones/IPC/ago2026/anex-IPC-ago2026.xlsx,https://www.dane.gov.co/files/operaciones/IPC/ago2026/anex-IPC-Variacion-ago2026.xlsx,no_disponible
2019-02-01,0.57,3.01,DANE_variacion_reportada,BanRep_IPC_calculada_2_decimales,https://www.dane.gov.co/files/operaciones/IPC/ago2026/anex-IPC-ago2026.xlsx,https://www.dane.gov.co/files/operaciones/IPC/ago2026/anex-IPC-Variacion-ago2026.xlsx,no_disponible
2019-03-01,0.43,3.22,DANE_variacion_reportada,BanRep_IPC_calculada_2_decimales,https://www.dane.gov.co/files/operaciones/IPC/ago2026/anex-IPC-ago2026.xlsx,https://www.dane.gov.co/files/operaciones/IPC/ago2026/anex-IPC-Variacion-ago2026.xlsx,no_disponible
2019-04-01,0.5,3.25,DANE_variacion_reportada,BanRep_IPC_calculada_2_decimales,https://www.dane.gov.co/files/operaciones/IPC/ago2026/anex-IPC-ago2026.xlsx,https://www.dane.gov.co/files/operaciones/IPC/ago2026/anex-IPC-Variacion-ago2026.xlsx,no_disponible
2019-05-01,0.31,3.31,DANE_variacion_reportada,BanRep_IPC_calculada_2_decimales,https://www.dane.gov.co/files/operaciones/IPC/ago2026/anex-IPC-ago2026.xlsx,https://www.dane.gov.co/files/operaciones/IPC/ago2026/anex-IPC-Variacion-ago2026.xlsx,no_disponible
2019-06-01,0.27,3.42,DANE_variacion_reportada,BanRep_IPC_calculada_2_decimales,https://www.dane.gov.co/files/operaciones/IPC/ago2026/anex-IPC-ago2026.xlsx,https://www.dane.gov.co/files/operaciones/IPC/ago2026/anex-IPC-Variacion-ago2026.xlsx,no_disponible
2019-07-01,0.22,3.79,DANE_variacion_reportada,BanRep_IPC_calculada_2_decimales,https://www.dane.gov.co/files/operaciones/IPC/ago2026/anex-IPC-ago2026.xlsx,https://www.dane.gov.co/files/operaciones/IPC/ago2026/anex-IPC-Variacion-ago2026.xlsx,no_disponible
2019-08-01,0.09,3.76,DANE_variacion_reportada,BanRep_IPC_calculada_2_decimales,https://www.dane.gov.co/files/operaciones/IPC/ago2026/anex-IPC-ago2026.xlsx,https://www.dane.gov.co/files/operaciones/IPC/ago2026/anex-IPC-Variacion-ago2026.xlsx,no_disponible
2019-09-01,0.23,3.81,DANE_variacion_reportada,BanRep_IPC_calculada_2_decimales,https://www.dane.gov.co/files/operaciones/IPC/ago2026/anex-IPC-ago2026.xlsx,https://www.dane.gov.co/files/operaciones/IPC/ago2026/anex-IPC-Variacion-ago2026.xlsx,no_disponible
2019-10-01,0.16,3.86,DANE_variacion_reportada,BanRep_IPC_calculada_2_decimales,https://www.dane.gov.co/files/operaciones/IPC/ago2026/anex-IPC-ago2026.xlsx,https://www.dane.gov.co/files/operaciones/IPC/ago2026/anex-IPC-Variacion-ago2026.xlsx,no_disponible
2019-11-01,0.1,3.85,DANE_variacion_reportada,BanRep_IPC_calculada_2_decimales,https://www.dane.gov.co/files/operaciones/IPC/ago2026/anex-IPC-ago2026.xlsx,https://www.dane.gov.co/files/operaciones/IPC/ago2026/anex-IPC-Variacion-ago2026.xlsx,no_disponible
2019-12-01,0.26,3.8,DANE_variacion_reportada,BanRep_IPC_calculada_2_decimales,https://www.dane.gov.co/files/operaciones/IPC/ago2026/anex-IPC-ago2026.xlsx,https://www.dane.gov.co/files/operaciones/IPC/ago2026/anex-IPC-Variacion-ago2026.xlsx,no_disponible
2020-01-01,0.42,3.62,DANE_variacion_reportada,BanRep_IPC_calculada_2_decimales,https://www.dane.gov.co/files/operaciones/IPC/ago2026/anex-IPC-ago2026.xlsx,https://www.dane.gov.co/files/operaciones/IPC/ago2026/anex-IPC-Variacion-ago2026.xlsx,no_disponible
2020-02-01,0.67,3.72,DANE_variacion_reportada,BanRep_IPC_calculada_2_decimales,https://www.dane.gov.co/files/operaciones/IPC/ago2026/anex-IPC-ago2026.xlsx,https://www.dane.gov.co/files/operaciones/IPC/ago2026/anex-IPC-Variacion-ago2026.xlsx,no_disponible
2020-03-01,0.57,3.85,DANE_variacion_reportada,BanRep_IPC_calculada_2_decimales,https://www.dane.gov.co/files/operaciones/IPC/ago2026/anex-IPC-ago2026.xlsx,https://www.dane.gov.co/files/operaciones/IPC/ago2026/anex-IPC-Variacion-ago2026.xlsx,no_disponible
2020-04-01,0.16,3.51,DANE_variacion_reportada,BanRep_IPC_calculada_2_decimales,https://www.dane.gov.co/files/operaciones/IPC/ago2026/anex-IPC-ago2026.xlsx,https://www.dane.gov.co/files/operaciones/IPC/ago2026/anex-IPC-Variacion-ago2026.xlsx,no_disponible
2020-05-01,-0.32,2.85,DANE_variacion_reportada,BanRep_IPC_calculada_2_decimales,https://www.dane.gov.co/files/operaciones/IPC/ago2026/anex-IPC-ago2026.xlsx,https://www.dane.gov.co/files/operaciones/IPC/ago2026/anex-IPC-Variacion-ago2026.xlsx,no_disponible
2020-06-01,-0.38,2.2,DANE_variacion_reportada,BanRep_IPC_calculada_2_decimales,https://www.dane.gov.co/files/operaciones/IPC/ago2026/anex-IPC-ago2026.xlsx,https://www.dane.gov.co/files/operaciones/IPC/ago2026/anex-IPC-Variacion-ago2026.xlsx,no_disponible
2020-07-01,0.0,1.97,DANE_variacion_reportada,BanRep_IPC_calculada_2_decimales,https://www.dane.gov.co/files/operaciones/IPC/ago2026/anex-IPC-ago2026.xlsx,https://www.dane.gov.co/files/operaciones/IPC/ago2026/anex-IPC-Variacion-ago2026.xlsx,no_disponible
2020-08-01,-0.01,1.87,DANE_variacion_reportada,BanRep_IPC_calculada_2_decimales,https://www.dane.gov.co/files/operaciones/IPC/ago2026/anex-IPC-ago2026.xlsx,https://www.dane.gov.co/files/operaciones/IPC/ago2026/anex-IPC-Variacion-ago2026.xlsx,no_disponible
2020-09-01,0.32,1.97,DANE_variacion_reportada,BanRep_IPC_calculada_2_decimales,https://www.dane.gov.co/files/operaciones/IPC/ago2026/anex-IPC-ago2026.xlsx,https://www.dane.gov.co/files/operaciones/IPC/ago2026/anex-IPC-Variacion-ago2026.xlsx,no_disponible
2020-10-01,-0.06,1.74,DANE_variacion_reportada,BanRep_IPC_calculada_2_decimales,https://www.dane.gov.co/files/operaciones/IPC/ago2026/anex-IPC-ago2026.xlsx,https://www.dane.gov.co/files/operaciones/IPC/ago2026/anex-IPC-Variacion-ago2026.xlsx,no_disponible
2020-11-01,-0.15,1.49,DANE_variacion_reportada,BanRep_IPC_calculada_2_decimales,https://www.dane.gov.co/files/operaciones/IPC/ago2026/anex-IPC-ago2026.xlsx,https://www.dane.gov.co/files/operaciones/IPC/ago2026/anex-IPC-Variacion-ago2026.xlsx,no_disponible
2020-12-01,0.38,1.62,DANE_variacion_reportada,BanRep_IPC_calculada_2_decimales,https://www.dane.gov.co/files/operaciones/IPC/ago2026/anex-IPC-ago2026.xlsx,https://www.dane.gov.co/files/operaciones/IPC/ago2026/anex-IPC-Variacion-ago2026.xlsx,no_disponible
2021-01-01,0.41,1.6,DANE_variacion_reportada,BanRep_IPC_calculada_2_decimales,https://www.dane.gov.co/files/operaciones/IPC/ago2026/anex-IPC-ago2026.xlsx,https://www.dane.gov.co/files/operaciones/IPC/ago2026/anex-IPC-Variacion-ago2026.xlsx,no_disponible
2021-02-01,0.64,1.56,DANE_variacion_reportada,BanRep_IPC_calculada_2_decimales,https://www.dane.gov.co/files/operaciones/IPC/ago2026/anex-IPC-ago2026.xlsx,https://www.dane.gov.co/files/operaciones/IPC/ago2026/anex-IPC-Variacion-ago2026.xlsx,no_disponible
2021-03-01,0.51,1.51,DANE_variacion_reportada,BanRep_IPC_calculada_2_decimales,https://www.dane.gov.co/files/operaciones/IPC/ago2026/anex-IPC-ago2026.xlsx,https://www.dane.gov.co/files/operaciones/IPC/ago2026/anex-IPC-Variacion-ago2026.xlsx,no_disponible
2021-04-01,0.59,1.95,DANE_variacion_reportada,BanRep_IPC_calculada_2_decimales,https://www.dane.gov.co/files/operaciones/IPC/ago2026/anex-IPC-ago2026.xlsx,https://www.dane.gov.co/files/operaciones/IPC/ago2026/anex-IPC-Variacion-ago2026.xlsx,no_disponible
2021-05-01,1.0,3.3,DANE_variacion_reportada,BanRep_IPC_calculada_2_decimales,https://www.dane.gov.co/files/operaciones/IPC/ago2026/anex-IPC-ago2026.xlsx,https://www.dane.gov.co/files/operaciones/IPC/ago2026/anex-IPC-Variacion-ago2026.xlsx,no_disponible
2021-06-01,-0.05,3.63,DANE_variacion_reportada,BanRep_IPC_calculada_2_decimales,https://www.dane.gov.co/files/operaciones/IPC/ago2026/anex-IPC-ago2026.xlsx,https://www.dane.gov.co/files/operaciones/IPC/ago2026/anex-IPC-Variacion-ago2026.xlsx,no_disponible
2021-07-01,0.32,3.97,DANE_variacion_reportada,BanRep_IPC_calculada_2_decimales,https://www.dane.gov.co/files/operaciones/IPC/ago2026/anex-IPC-ago2026.xlsx,https://www.dane.gov.co/files/operaciones/IPC/ago2026/anex-IPC-Variacion-ago2026.xlsx,no_disponible
2021-08-01,0.45,4.44,DANE_variacion_reportada,BanRep_IPC_calculada_2_decimales,https://www.dane.gov.co/files/operaciones/IPC/ago2026/anex-IPC-ago2026.xlsx,https://www.dane.gov.co/files/operaciones/IPC/ago2026/anex-IPC-Variacion-ago2026.xlsx,no_disponible
2021-09-01,0.38,4.51,DANE_variacion_reportada,BanRep_IPC_calculada_2_decimales,https://www.dane.gov.co/files/operaciones/IPC/ago2026/anex-IPC-ago2026.xlsx,https://www.dane.gov.co/files/operaciones/IPC/ago2026/anex-IPC-Variacion-ago2026.xlsx,no_disponible
2021-10-01,0.01,4.59,DANE_variacion_reportada,BanRep_IPC_calculada_2_decimales,https://www.dane.gov.co/files/operaciones/IPC/ago2026/anex-IPC-ago2026.xlsx,https://www.dane.gov.co/files/operaciones/IPC/ago2026/anex-IPC-Variacion-ago2026.xlsx,no_disponible
2021-11-01,0.5,5.25,DANE_variacion_reportada,BanRep_IPC_calculada_2_decimales,https://www.dane.gov.co/files/operaciones/IPC/ago2026/anex-IPC-ago2026.xlsx,https://www.dane.gov.co/files/operaciones/IPC/ago2026/anex-IPC-Variacion-ago2026.xlsx,no_disponible
2021-12-01,0.73,5.62,DANE_variacion_reportada,BanRep_IPC_calculada_2_decimales,https://www.dane.gov.co/files/operaciones/IPC/ago2026/anex-IPC-ago2026.xlsx,https://www.dane.gov.co/files/operaciones/IPC/ago2026/anex-IPC-Variacion-ago2026.xlsx,no_disponible
2022-01-01,1.67,6.94,DANE_variacion_reportada,BanRep_IPC_calculada_2_decimales,https://www.dane.gov.co/files/operaciones/IPC/ago2026/anex-IPC-ago2026.xlsx,https://www.dane.gov.co/files/operaciones/IPC/ago2026/anex-IPC-Variacion-ago2026.xlsx,no_disponible
2022-02-01,1.63,8.0,DANE_variacion_reportada,BanRep_IPC_calculada_2_decimales,https://www.dane.gov.co/files/operaciones/IPC/ago2026/anex-IPC-ago2026.xlsx,https://www.dane.gov.co/files/operaciones/IPC/ago2026/anex-IPC-Variacion-ago2026.xlsx,no_disponible
2022-03-01,1.0,8.53,DANE_variacion_reportada,BanRep_IPC_calculada_2_decimales,https://www.dane.gov.co/files/operaciones/IPC/ago2026/anex-IPC-ago2026.xlsx,https://www.dane.gov.co/files/operaciones/IPC/ago2026/anex-IPC-Variacion-ago2026.xlsx,no_disponible
2022-04-01,1.25,9.23,DANE_variacion_reportada,BanRep_IPC_calculada_2_decimales,https://www.dane.gov.co/files/operaciones/IPC/ago2026/anex-IPC-ago2026.xlsx,https://www.dane.gov.co/files/operaciones/IPC/ago2026/anex-IPC-Variacion-ago2026.xlsx,no_disponible
2022-05-01,0.84,9.06,DANE_variacion_reportada,BanRep_IPC_calculada_2_decimales,https://www.dane.gov.co/files/operaciones/IPC/ago2026/anex-IPC-ago2026.xlsx,https://www.dane.gov.co/files/operaciones/IPC/ago2026/anex-IPC-Variacion-ago2026.xlsx,no_disponible
2022-06-01,0.51,9.68,DANE_variacion_reportada,BanRep_IPC_calculada_2_decimales,https://www.dane.gov.co/files/operaciones/IPC/ago2026/anex-IPC-ago2026.xlsx,https://www.dane.gov.co/files/operaciones/IPC/ago2026/anex-IPC-Variacion-ago2026.xlsx,no_disponible
2022-07-01,0.81,10.2,DANE_variacion_reportada,BanRep_IPC_calculada_2_decimales,https://www.dane.gov.co/files/operaciones/IPC/ago2026/anex-IPC-ago2026.xlsx,https://www.dane.gov.co/files/operaciones/IPC/ago2026/anex-IPC-Variacion-ago2026.xlsx,no_disponible
2022-08-01,1.02,10.84,DANE_variacion_reportada,BanRep_IPC_calculada_2_decimales,https://www.dane.gov.co/files/operaciones/IPC/ago2026/anex-IPC-ago2026.xlsx,https://www.dane.gov.co/files/operaciones/IPC/ago2026/anex-IPC-Variacion-ago2026.xlsx,no_disponible
2022-09-01,0.93,11.44,DANE_variacion_reportada,BanRep_IPC_calculada_2_decimales,https://www.dane.gov.co/files/operaciones/IPC/ago2026/anex-IPC-ago2026.xlsx,https://www.dane.gov.co/files/operaciones/IPC/ago2026/anex-IPC-Variacion-ago2026.xlsx,no_disponible
2022-10-01,0.72,12.22,DANE_variacion_reportada,BanRep_IPC_calculada_2_decimales,https://www.dane.gov.co/files/operaciones/IPC/ago2026/anex-IPC-ago2026.xlsx,https://www.dane.gov.co/files/operaciones/IPC/ago2026/anex-IPC-Variacion-ago2026.xlsx,no_disponible
2022-11-01,0.77,12.53,DANE_variacion_reportada,BanRep_IPC_calculada_2_decimales,https://www.dane.gov.co/files/operaciones/IPC/ago2026/anex-IPC-ago2026.xlsx,https://www.dane.gov.co/files/operaciones/IPC/ago2026/anex-IPC-Variacion-ago2026.xlsx,no_disponible
2022-12-01,1.26,13.12,DANE_variacion_reportada,BanRep_IPC_calculada_2_decimales,https://www.dane.gov.co/files/operaciones/IPC/ago2026/anex-IPC-ago2026.xlsx,https://www.dane.gov.co/files/operaciones/IPC/ago2026/anex-IPC-Variacion-ago2026.xlsx,no_disponible
2023-01-01,1.78,13.25,DANE_variacion_reportada,BanRep_IPC_calculada_2_decimales,https://www.dane.gov.co/files/operaciones/IPC/ago2026/anex-IPC-ago2026.xlsx,https://www.dane.gov.co/files/operaciones/IPC/ago2026/anex-IPC-Variacion-ago2026.xlsx,no_disponible
2023-02-01,1.66,13.28,DANE_variacion_reportada,BanRep_IPC_calculada_2_decimales,https://www.dane.gov.co/files/operaciones/IPC/ago2026/anex-IPC-ago2026.xlsx,https://www.dane.gov.co/files/operaciones/IPC/ago2026/anex-IPC-Variacion-ago2026.xlsx,no_disponible
2023-03-01,1.05,13.34,DANE_variacion_reportada,BanRep_IPC_calculada_2_decimales,https://www.dane.gov.co/files/operaciones/IPC/ago2026/anex-IPC-ago2026.xlsx,https://www.dane.gov.co/files/operaciones/IPC/ago2026/anex-IPC-Variacion-ago2026.xlsx,no_disponible
2023-04-01,0.78,12.82,DANE_variacion_reportada,BanRep_IPC_calculada_2_decimales,https://www.dane.gov.co/files/operaciones/IPC/ago2026/anex-IPC-ago2026.xlsx,https://www.dane.gov.co/files/operaciones/IPC/ago2026/anex-IPC-Variacion-ago2026.xlsx,no_disponible
2023-05-01,0.43,12.37,DANE_variacion_reportada,BanRep_IPC_calculada_2_decimales,https://www.dane.gov.co/files/operaciones/IPC/ago2026/anex-IPC-ago2026.xlsx,https://www.dane.gov.co/files/operaciones/IPC/ago2026/anex-IPC-Variacion-ago2026.xlsx,no_disponible
2023-06-01,0.3,12.13,DANE_variacion_reportada,BanRep_IPC_calculada_2_decimales,https://www.dane.gov.co/files/operaciones/IPC/ago2026/anex-IPC-ago2026.xlsx,https://www.dane.gov.co/files/operaciones/IPC/ago2026/anex-IPC-Variacion-ago2026.xlsx,no_disponible
2023-07-01,0.5,11.79,DANE_variacion_reportada,BanRep_IPC_calculada_2_decimales,https://www.dane.gov.co/files/operaciones/IPC/ago2026/anex-IPC-ago2026.xlsx,https://www.dane.gov.co/files/operaciones/IPC/ago2026/anex-IPC-Variacion-ago2026.xlsx,no_disponible
2023-08-01,0.7,11.43,DANE_variacion_reportada,BanRep_IPC_calculada_2_decimales,https://www.dane.gov.co/files/operaciones/IPC/ago2026/anex-IPC-ago2026.xlsx,https://www.dane.gov.co/files/operaciones/IPC/ago2026/anex-IPC-Variacion-ago2026.xlsx,no_disponible
2023-09-01,0.54,10.99,DANE_variacion_reportada,BanRep_IPC_calculada_2_decimales,https://www.dane.gov.co/files/operaciones/IPC/ago2026/anex-IPC-ago2026.xlsx,https://www.dane.gov.co/files/operaciones/IPC/ago2026/anex-IPC-Variacion-ago2026.xlsx,no_disponible
2023-10-01,0.25,10.48,DANE_variacion_reportada,BanRep_IPC_calculada_2_decimales,https://www.dane.gov.co/files/operaciones/IPC/ago2026/anex-IPC-ago2026.xlsx,https://www.dane.gov.co/files/operaciones/IPC/ago2026/anex-IPC-Variacion-ago2026.xlsx,no_disponible
2023-11-01,0.47,10.15,DANE_variacion_reportada,BanRep_IPC_calculada_2_decimales,https://www.dane.gov.co/files/operaciones/IPC/ago2026/anex-IPC-ago2026.xlsx,https://www.dane.gov.co/files/operaciones/IPC/ago2026/anex-IPC-Variacion-ago2026.xlsx,no_disponible
2023-12-01,0.45,9.28,DANE_variacion_reportada,BanRep_IPC_calculada_2_decimales,https://www.dane.gov.co/files/operaciones/IPC/ago2026/anex-IPC-ago2026.xlsx,https://www.dane.gov.co/files/operaciones/IPC/ago2026/anex-IPC-Variacion-ago2026.xlsx,no_disponible
2024-01-01,0.92,8.35,DANE_variacion_reportada,BanRep_IPC_calculada_2_decimales,https://www.dane.gov.co/files/operaciones/IPC/ago2026/anex-IPC-ago2026.xlsx,https://www.dane.gov.co/files/operaciones/IPC/ago2026/anex-IPC-Variacion-ago2026.xlsx,no_disponible
2024-02-01,1.09,7.74,DANE_variacion_reportada,BanRep_IPC_calculada_2_decimales,https://www.dane.gov.co/files/operaciones/IPC/ago2026/anex-IPC-ago2026.xlsx,https://www.dane.gov.co/files/operaciones/IPC/ago2026/anex-IPC-Variacion-ago2026.xlsx,no_disponible
2024-03-01,0.7,7.37,DANE_variacion_reportada,BanRep_IPC_calculada_2_decimales,https://www.dane.gov.co/files/operaciones/IPC/ago2026/anex-IPC-ago2026.xlsx,https://www.dane.gov.co/files/operaciones/IPC/ago2026/anex-IPC-Variacion-ago2026.xlsx,no_disponible
2024-04-01,0.59,7.17,DANE_variacion_reportada,BanRep_IPC_calculada_2_decimales,https://www.dane.gov.co/files/operaciones/IPC/ago2026/anex-IPC-ago2026.xlsx,https://www.dane.gov.co/files/operaciones/IPC/ago2026/anex-IPC-Variacion-ago2026.xlsx,no_disponible
2024-05-01,0.43,7.15,DANE_variacion_reportada,BanRep_IPC_calculada_2_decimales,https://www.dane.gov.co/files/operaciones/IPC/ago2026/anex-IPC-ago2026.xlsx,https://www.dane.gov.co/files/operaciones/IPC/ago2026/anex-IPC-Variacion-ago2026.xlsx,no_disponible
2024-06-01,0.32,7.18,DANE_variacion_reportada,BanRep_IPC_calculada_2_decimales,https://www.dane.gov.co/files/operaciones/IPC/ago2026/anex-IPC-ago2026.xlsx,https://www.dane.gov.co/files/operaciones/IPC/ago2026/anex-IPC-Variacion-ago2026.xlsx,no_disponible
2024-07-01,0.2,6.86,DANE_variacion_reportada,BanRep_IPC_calculada_2_decimales,https://www.dane.gov.co/files/operaciones/IPC/ago2026/anex-IPC-ago2026.xlsx,https://www.dane.gov.co/files/operaciones/IPC/ago2026/anex-IPC-Variacion-ago2026.xlsx,no_disponible
2024-08-01,0.0,6.12,DANE_variacion_reportada,BanRep_IPC_calculada_2_decimales,https://www.dane.gov.co/files/operaciones/IPC/ago2026/anex-IPC-ago2026.xlsx,https://www.dane.gov.co/files/operaciones/IPC/ago2026/anex-IPC-Variacion-ago2026.xlsx,no_disponible
2024-09-01,0.24,5.81,DANE_variacion_reportada,BanRep_IPC_calculada_2_decimales,https://www.dane.gov.co/files/operaciones/IPC/ago2026/anex-IPC-ago2026.xlsx,https://www.dane.gov.co/files/operaciones/IPC/ago2026/anex-IPC-Variacion-ago2026.xlsx,no_disponible
2024-10-01,-0.13,5.41,DANE_variacion_reportada,BanRep_IPC_calculada_2_decimales,https://www.dane.gov.co/files/operaciones/IPC/ago2026/anex-IPC-ago2026.xlsx,https://www.dane.gov.co/files/operaciones/IPC/ago2026/anex-IPC-Variacion-ago2026.xlsx,no_disponible
2024-11-01,0.27,5.2,DANE_variacion_reportada,BanRep_IPC_calculada_2_decimales,https://www.dane.gov.co/files/operaciones/IPC/ago2026/anex-IPC-ago2026.xlsx,https://www.dane.gov.co/files/operaciones/IPC/ago2026/anex-IPC-Variacion-ago2026.xlsx,no_disponible
2024-12-01,0.46,5.2,DANE_variacion_reportada,BanRep_IPC_calculada_2_decimales,https://www.dane.gov.co/files/operaciones/IPC/ago2026/anex-IPC-ago2026.xlsx,https://www.dane.gov.co/files/operaciones/IPC/ago2026/anex-IPC-Variacion-ago2026.xlsx,no_disponible
2025-01-01,0.94,5.22,DANE_variacion_reportada,BanRep_IPC_calculada_2_decimales,https://www.dane.gov.co/files/operaciones/IPC/ago2026/anex-IPC-ago2026.xlsx,https://www.dane.gov.co/files/operaciones/IPC/ago2026/anex-IPC-Variacion-ago2026.xlsx,no_disponible
2025-02-01,1.14,5.27,DANE_variacion_reportada,BanRep_IPC_calculada_2_decimales,https://www.dane.gov.co/files/operaciones/IPC/ago2026/anex-IPC-ago2026.xlsx,https://www.dane.gov.co/files/operaciones/IPC/ago2026/anex-IPC-Variacion-ago2026.xlsx,no_disponible
2025-03-01,0.52,5.09,DANE_variacion_reportada,BanRep_IPC_calculada_2_decimales,https://www.dane.gov.co/files/operaciones/IPC/ago2026/anex-IPC-ago2026.xlsx,https://www.dane.gov.co/files/operaciones/IPC/ago2026/anex-IPC-Variacion-ago2026.xlsx,no_disponible
2025-04-01,0.66,5.16,DANE_variacion_reportada,BanRep_IPC_calculada_2_decimales,https://www.dane.gov.co/files/operaciones/IPC/ago2026/anex-IPC-ago2026.xlsx,https://www.dane.gov.co/files/operaciones/IPC/ago2026/anex-IPC-Variacion-ago2026.xlsx,no_disponible
2025-05-01,0.32,5.05,DANE_variacion_reportada,BanRep_IPC_calculada_2_decimales,https://www.dane.gov.co/files/operaciones/IPC/ago2026/anex-IPC-ago2026.xlsx,https://www.dane.gov.co/files/operaciones/IPC/ago2026/anex-IPC-Variacion-ago2026.xlsx,no_disponible
2025-06-01,0.1,4.83,DANE_variacion_reportada,BanRep_IPC_calculada_2_decimales,https://www.dane.gov.co/files/operaciones/IPC/ago2026/anex-IPC-ago2026.xlsx,https://www.dane.gov.co/files/operaciones/IPC/ago2026/anex-IPC-Variacion-ago2026.xlsx,no_disponible
2025-07-01,0.28,4.9,DANE_variacion_reportada,BanRep_IPC_calculada_2_decimales,https://www.dane.gov.co/files/operaciones/IPC/ago2026/anex-IPC-ago2026.xlsx,https://www.dane.gov.co/files/operaciones/IPC/ago2026/anex-IPC-Variacion-ago2026.xlsx,no_disponible
2025-08-01,0.19,5.1,DANE_variacion_reportada,BanRep_IPC_calculada_2_decimales,https://www.dane.gov.co/files/operaciones/IPC/ago2026/anex-IPC-ago2026.xlsx,https://www.dane.gov.co/files/operaciones/IPC/ago2026/anex-IPC-Variacion-ago2026.xlsx,no_disponible
2025-09-01,0.32,5.18,DANE_variacion_reportada,BanRep_IPC_calculada_2_decimales,https://www.dane.gov.co/files/operaciones/IPC/ago2026/anex-IPC-ago2026.xlsx,https://www.dane.gov.co/files/operaciones/IPC/ago2026/anex-IPC-Variacion-ago2026.xlsx,no_disponible
2025-10-01,0.18,5.51,DANE_variacion_reportada,BanRep_IPC_calculada_2_decimales,https://www.dane.gov.co/files/operaciones/IPC/ago2026/anex-IPC-ago2026.xlsx,https://www.dane.gov.co/files/operaciones/IPC/ago2026/anex-IPC-Variacion-ago2026.xlsx,no_disponible
2025-11-01,0.07,5.3,DANE_variacion_reportada,BanRep_IPC_calculada_2_decimales,https://www.dane.gov.co/files/operaciones/IPC/ago2026/anex-IPC-ago2026.xlsx,https://www.dane.gov.co/files/operaciones/IPC/ago2026/anex-IPC-Variacion-ago2026.xlsx,no_disponible
2025-12-01,0.27,5.1,DANE_variacion_reportada,BanRep_IPC_calculada_2_decimales,https://www.dane.gov.co/files/operaciones/IPC/ago2026/anex-IPC-ago2026.xlsx,https://www.dane.gov.co/files/operaciones/IPC/ago2026/anex-IPC-Variacion-ago2026.xlsx,no_disponible
2026-01-01,1.18,5.35,DANE_variacion_reportada,BanRep_IPC_calculada_2_decimales,https://www.dane.gov.co/files/operaciones/IPC/ago2026/anex-IPC-ago2026.xlsx,https://www.dane.gov.co/files/operaciones/IPC/ago2026/anex-IPC-Variacion-ago2026.xlsx,no_disponible
2026-02-01,1.08,5.29,DANE_variacion_reportada,BanRep_IPC_calculada_2_decimales,https://www.dane.gov.co/files/operaciones/IPC/ago2026/anex-IPC-ago2026.xlsx,https://www.dane.gov.co/files/operaciones/IPC/ago2026/anex-IPC-Variacion-ago2026.xlsx,no_disponible
2026-03-01,0.78,5.56,DANE_variacion_reportada,BanRep_IPC_calculada_2_decimales,https://www.dane.gov.co/files/operaciones/IPC/ago2026/anex-IPC-ago2026.xlsx,https://www.dane.gov.co/files/operaciones/IPC/ago2026/anex-IPC-Variacion-ago2026.xlsx,no_disponible
2026-04-01,0.78,5.69,DANE_variacion_reportada,BanRep_IPC_calculada_2_decimales,https://www.dane.gov.co/files/operaciones/IPC/ago2026/anex-IPC-ago2026.xlsx,https://www.dane.gov.co/files/operaciones/IPC/ago2026/anex-IPC-Variacion-ago2026.xlsx,no_disponible
2026-05-01,0.47,5.84,DANE_variacion_reportada,BanRep_IPC_calculada_2_decimales,https://www.dane.gov.co/files/operaciones/IPC/ago2026/anex-IPC-ago2026.xlsx,https://www.dane.gov.co/files/operaciones/IPC/ago2026/anex-IPC-Variacion-ago2026.xlsx,no_disponible
2026-06-01,0.39,6.14,DANE_variacion_reportada,BanRep_IPC_calculada_2_decimales,https://www.dane.gov.co/files/operaciones/IPC/ago2026/anex-IPC-ago2026.xlsx,https://www.dane.gov.co/files/operaciones/IPC/ago2026/anex-IPC-Variacion-ago2026.xlsx,no_disponible
2026-07-01,0.17,6.02,DANE_variacion_reportada,BanRep_IPC_calculada_2_decimales,https://www.dane.gov.co/files/operaciones/IPC/ago2026/anex-IPC-ago2026.xlsx,https://www.dane.gov.co/files/operaciones/IPC/ago2026/anex-IPC-Variacion-ago2026.xlsx,no_disponible
2026-08-01,0.39,6.24,DANE_variacion_reportada,DANE_variacion_reportada,https://www.dane.gov.co/files/operaciones/IPC/ago2026/anex-IPC-ago2026.xlsx,https://www.dane.gov.co/files/operaciones/IPC/ago2026/anex-IPC-Variacion-ago2026.xlsx,2026-09-07
