fecha,trimestre,pib_real_miles_millones_ref2015,pib_real_ajustado_miles_millones_ref2015,pib_nominal_billones_cop,pib_real_yoy,pib_real_qoq_sa,pib_nominal_yoy,fecha_publicacion_vintage,fuente,estado_dato
2009-01-01,T1 2009,144809.30611350,150697.91937448,118.65955622,0.14505529,-0.00380601,5.35028058,2026-08-18,https://www.dane.gov.co/files/operaciones/PIB/anex-ProduccionConstantes-IItrim2026.xlsx,DANE_publicado_sujeto_a_revision
2009-04-01,T2 2009,149107.25677623,152431.56051947,120.78103735,0.69590758,1.15040815,6.28056625,2026-08-18,https://www.dane.gov.co/files/operaciones/PIB/anex-ProduccionConstantes-IItrim2026.xlsx,DANE_publicado_sujeto_a_revision
2009-07-01,T3 2009,154400.05289617,153990.64816840,129.06344381,0.53289725,1.02281158,3.76363805,2026-08-18,https://www.dane.gov.co/files/operaciones/PIB/anex-ProduccionConstantes-IItrim2026.xlsx,DANE_publicado_sujeto_a_revision
2009-10-01,T4 2009,164299.38421410,155495.87193764,133.06996262,3.03806065,0.97747739,5.69923355,2026-08-18,https://www.dane.gov.co/files/operaciones/PIB/anex-ProduccionConstantes-IItrim2026.xlsx,DANE_publicado_sujeto_a_revision
2010-01-01,T1 2010,150425.05947317,156890.92667400,128.91376399,3.87803347,0.89716513,8.64170413,2026-08-18,https://www.dane.gov.co/files/operaciones/PIB/anex-ProduccionConstantes-IItrim2026.xlsx,DANE_publicado_sujeto_a_revision
2010-04-01,T2 2010,155999.77978941,158881.30171124,131.33780236,4.62252687,1.26863617,8.74041591,2026-08-18,https://www.dane.gov.co/files/operaciones/PIB/anex-ProduccionConstantes-IItrim2026.xlsx,DANE_publicado_sujeto_a_revision
2010-07-01,T3 2010,160649.63472747,160404.15595131,138.32218533,4.04765524,0.95848550,7.17379085,2026-08-18,https://www.dane.gov.co/files/operaciones/PIB/anex-ProduccionConstantes-IItrim2026.xlsx,DANE_publicado_sujeto_a_revision
2010-10-01,T4 2010,173076.52600996,163974.61566345,145.48624833,5.34216354,2.22591472,9.33064492,2026-08-18,https://www.dane.gov.co/files/operaciones/PIB/anex-ProduccionConstantes-IItrim2026.xlsx,DANE_publicado_sujeto_a_revision
2011-01-01,T1 2011,160667.37132157,167062.53955042,144.95831606,6.80891328,1.88317190,12.44595734,2026-08-18,https://www.dane.gov.co/files/operaciones/PIB/anex-ProduccionConstantes-IItrim2026.xlsx,DANE_publicado_sujeto_a_revision
2011-04-01,T2 2011,166592.67129145,169900.66682825,149.26592838,6.79032465,1.69884122,13.65039288,2026-08-18,https://www.dane.gov.co/files/operaciones/PIB/anex-ProduccionConstantes-IItrim2026.xlsx,DANE_publicado_sujeto_a_revision
2011-07-01,T3 2011,173370.05007005,173258.72717424,158.28850586,7.91811034,1.97648450,14.43464798,2026-08-18,https://www.dane.gov.co/files/operaciones/PIB/anex-ProduccionConstantes-IItrim2026.xlsx,DANE_publicado_sujeto_a_revision
2011-10-01,T4 2011,183997.90731693,174406.06644709,166.51024970,6.31014590,0.66221153,14.45085128,2026-08-18,https://www.dane.gov.co/files/operaciones/PIB/anex-ProduccionConstantes-IItrim2026.xlsx,DANE_publicado_sujeto_a_revision
2012-01-01,T1 2012,170705.61427158,177356.75800814,161.50973304,6.24784165,1.69185145,11.41805274,2026-08-18,https://www.dane.gov.co/files/operaciones/PIB/anex-ProduccionConstantes-IItrim2026.xlsx,DANE_publicado_sujeto_a_revision
2012-04-01,T2 2012,174583.33892491,177877.00933124,162.43791630,4.79653011,0.29333606,8.82451077,2026-08-18,https://www.dane.gov.co/files/operaciones/PIB/anex-ProduccionConstantes-IItrim2026.xlsx,DANE_publicado_sujeto_a_revision
2012-07-01,T3 2012,177201.54719248,177001.44093172,167.54339087,2.21001097,-0.49223247,5.84684590,2026-08-18,https://www.dane.gov.co/files/operaciones/PIB/anex-ProduccionConstantes-IItrim2026.xlsx,DANE_publicado_sujeto_a_revision
2012-10-01,T4 2012,188924.49961103,179179.79172891,175.01595979,2.67752626,1.23069665,5.10822012,2026-08-18,https://www.dane.gov.co/files/operaciones/PIB/anex-ProduccionConstantes-IItrim2026.xlsx,DANE_publicado_sujeto_a_revision
2013-01-01,T1 2013,174556.82109015,181939.16226425,168.29838905,2.25605164,1.54000097,4.20324886,2026-08-18,https://www.dane.gov.co/files/operaciones/PIB/anex-ProduccionConstantes-IItrim2026.xlsx,DANE_publicado_sujeto_a_revision
2013-04-01,T2 2013,184037.62924238,187121.70330843,174.28261326,5.41534512,2.84850220,7.29183015,2026-08-18,https://www.dane.gov.co/files/operaciones/PIB/anex-ProduccionConstantes-IItrim2026.xlsx,DANE_publicado_sujeto_a_revision
2013-07-01,T3 2013,188350.42661997,188127.68681615,183.49679462,6.29163774,0.53760921,9.52195349,2026-08-18,https://www.dane.gov.co/files/operaciones/PIB/anex-ProduccionConstantes-IItrim2026.xlsx,DANE_publicado_sujeto_a_revision
2013-10-01,T4 2013,200994.12304750,190750.44761117,188.01520307,6.38859622,1.39413865,7.42746164,2026-08-18,https://www.dane.gov.co/files/operaciones/PIB/anex-ProduccionConstantes-IItrim2026.xlsx,DANE_publicado_sujeto_a_revision
2014-01-01,T1 2014,186100.56973625,193379.21612540,184.42172649,6.61317534,1.37811919,9.58020902,2026-08-18,https://www.dane.gov.co/files/operaciones/PIB/anex-ProduccionConstantes-IItrim2026.xlsx,DANE_publicado_sujeto_a_revision
2014-04-01,T2 2014,190344.80323953,194318.21047045,183.82030356,3.42711109,0.48557149,5.47254263,2026-08-18,https://www.dane.gov.co/files/operaciones/PIB/anex-ProduccionConstantes-IItrim2026.xlsx,DANE_publicado_sujeto_a_revision
2014-07-01,T3 2014,196602.76799041,196013.62257949,194.74643768,4.38137652,0.87249265,6.13070276,2026-08-18,https://www.dane.gov.co/files/operaciones/PIB/anex-ProduccionConstantes-IItrim2026.xlsx,DANE_publicado_sujeto_a_revision
2014-10-01,T4 2014,208540.85903381,197877.95082466,199.91453227,3.75470480,0.95112177,6.32891862,2026-08-18,https://www.dane.gov.co/files/operaciones/PIB/anex-ProduccionConstantes-IItrim2026.xlsx,DANE_publicado_sujeto_a_revision
2015-01-01,T1 2015,191358.55216352,199390.88527959,192.10067696,2.82534462,0.76457961,4.16379925,2026-08-18,https://www.dane.gov.co/files/operaciones/PIB/anex-ProduccionConstantes-IItrim2026.xlsx,DANE_publicado_sujeto_a_revision
2015-04-01,T2 2015,196858.93021078,200682.62620685,191.66254078,3.42227729,0.64784352,4.26625191,2026-08-18,https://www.dane.gov.co/files/operaciones/PIB/anex-ProduccionConstantes-IItrim2026.xlsx,DANE_publicado_sujeto_a_revision
2015-07-01,T3 2015,203634.72092333,202683.73270422,208.17076057,3.57673140,0.99714985,6.89323155,2026-08-18,https://www.dane.gov.co/files/operaciones/PIB/anex-ProduccionConstantes-IItrim2026.xlsx,DANE_publicado_sujeto_a_revision
2015-10-01,T4 2015,212839.79670237,201934.75580933,212.75802169,2.06143664,-0.36952985,6.42449014,2026-08-18,https://www.dane.gov.co/files/operaciones/PIB/anex-ProduccionConstantes-IItrim2026.xlsx,DANE_publicado_sujeto_a_revision
2016-01-01,T1 2016,195903.56084094,204818.58020637,206.79431978,2.37512702,1.42809710,7.64892818,2026-08-18,https://www.dane.gov.co/files/operaciones/PIB/anex-ProduccionConstantes-IItrim2026.xlsx,DANE_publicado_sujeto_a_revision
2016-04-01,T2 2016,201036.63376913,204611.68052530,207.80190969,2.12218138,-0.10101607,8.42072157,2026-08-18,https://www.dane.gov.co/files/operaciones/PIB/anex-ProduccionConstantes-IItrim2026.xlsx,DANE_publicado_sujeto_a_revision
2016-07-01,T3 2016,206803.57731966,205466.98046845,220.63181208,1.55614739,0.41801130,5.98597587,2026-08-18,https://www.dane.gov.co/files/operaciones/PIB/anex-ProduccionConstantes-IItrim2026.xlsx,DANE_publicado_sujeto_a_revision
2016-10-01,T4 2016,217745.22807027,206591.75879988,228.55395846,2.30475289,0.54742535,7.42436720,2026-08-18,https://www.dane.gov.co/files/operaciones/PIB/anex-ProduccionConstantes-IItrim2026.xlsx,DANE_publicado_sujeto_a_revision
2017-01-01,T1 2017,197999.90211185,206577.16871915,221.10863195,1.07008840,-0.00706228,6.92200452,2026-08-18,https://www.dane.gov.co/files/operaciones/PIB/anex-ProduccionConstantes-IItrim2026.xlsx,DANE_publicado_sujeto_a_revision
2017-04-01,T2 2017,203589.54697694,207945.74213506,220.76138618,1.26987463,0.66249984,6.23645688,2026-08-18,https://www.dane.gov.co/files/operaciones/PIB/anex-ProduccionConstantes-IItrim2026.xlsx,DANE_publicado_sujeto_a_revision
2017-07-01,T3 2017,210298.82905035,208678.56435135,235.81812924,1.69013117,0.35241030,6.88310403,2026-08-18,https://www.dane.gov.co/files/operaciones/PIB/anex-ProduccionConstantes-IItrim2026.xlsx,DANE_publicado_sujeto_a_revision
2017-10-01,T4 2017,220767.72186086,209454.52479444,242.78285264,1.38808727,0.37184483,6.22561704,2026-08-18,https://www.dane.gov.co/files/operaciones/PIB/anex-ProduccionConstantes-IItrim2026.xlsx,DANE_publicado_sujeto_a_revision
2018-01-01,T1 2018,201266.76010817,211093.52133422,235.96029977,1.64992910,0.78250711,6.71691001,2026-08-18,https://www.dane.gov.co/files/operaciones/PIB/anex-ProduccionConstantes-IItrim2026.xlsx,DANE_publicado_sujeto_a_revision
2018-04-01,T2 2018,209185.41883640,212800.82961982,237.50267409,2.74860470,0.80879237,7.58343123,2026-08-18,https://www.dane.gov.co/files/operaciones/PIB/anex-ProduccionConstantes-IItrim2026.xlsx,DANE_publicado_sujeto_a_revision
2018-07-01,T3 2018,216357.57837639,214594.53313560,254.11605139,2.88101905,0.84290250,7.75933649,2026-08-18,https://www.dane.gov.co/files/operaciones/PIB/anex-ProduccionConstantes-IItrim2026.xlsx,DANE_publicado_sujeto_a_revision
2018-10-01,T4 2018,227198.24267903,215519.11591036,260.21197476,2.91279937,0.43085104,7.17889337,2026-08-18,https://www.dane.gov.co/files/operaciones/PIB/anex-ProduccionConstantes-IItrim2026.xlsx,DANE_publicado_sujeto_a_revision
2019-01-01,T1 2019,208265.84733641,217814.45458100,251.65272902,3.47751771,1.06502788,6.65045318,2026-08-18,https://www.dane.gov.co/files/operaciones/PIB/anex-ProduccionConstantes-IItrim2026.xlsx,DANE_publicado_sujeto_a_revision
2019-04-01,T2 2019,215624.21837170,220020.06899124,255.56842138,3.07803458,1.01261159,7.60654479,2026-08-18,https://www.dane.gov.co/files/operaciones/PIB/anex-ProduccionConstantes-IItrim2026.xlsx,DANE_publicado_sujeto_a_revision
2019-07-01,T3 2019,223119.65102927,221235.38281776,272.34637503,3.12541521,0.55236499,7.17401500,2026-08-18,https://www.dane.gov.co/files/operaciones/PIB/anex-ProduccionConstantes-IItrim2026.xlsx,DANE_publicado_sujeto_a_revision
2019-10-01,T4 2019,234214.28326262,222154.09360999,280.50047457,3.08806992,0.41526395,7.79691243,2026-08-18,https://www.dane.gov.co/files/operaciones/PIB/anex-ProduccionConstantes-IItrim2026.xlsx,DANE_publicado_sujeto_a_revision
2020-01-01,T1 2020,208969.88197854,218510.32418930,261.65554843,0.33804613,-1.64019909,3.97485036,2026-08-18,https://www.dane.gov.co/files/operaciones/PIB/anex-ProduccionConstantes-IItrim2026.xlsx,DANE_publicado_sujeto_a_revision
2020-04-01,T2 2020,179583.33764068,183188.37815211,212.69353497,-16.71467194,-16.16488656,-16.77628487,2026-08-18,https://www.dane.gov.co/files/operaciones/PIB/anex-ProduccionConstantes-IItrim2026.xlsx,DANE_publicado_sujeto_a_revision
2020-07-01,T3 2020,202856.17489004,201282.26403975,248.83371020,-9.08188770,9.87720186,-8.63336802,2026-08-18,https://www.dane.gov.co/files/operaciones/PIB/anex-ProduccionConstantes-IItrim2026.xlsx,DANE_publicado_sujeto_a_revision
2020-10-01,T4 2020,226490.60549074,214919.03361883,275.28820641,-3.29769716,6.77494843,-1.85820297,2026-08-18,https://www.dane.gov.co/files/operaciones/PIB/anex-ProduccionConstantes-IItrim2026.xlsx,DANE_publicado_sujeto_a_revision
2021-01-01,T1 2021,212146.25914127,222394.65450257,273.74003028,1.52001673,3.47834287,4.61846956,2026-08-18,https://www.dane.gov.co/files/operaciones/PIB/anex-ProduccionConstantes-IItrim2026.xlsx,DANE_publicado_sujeto_a_revision
2021-04-01,T2 2021,212672.64631952,216655.55266054,272.65406238,18.42560068,-2.58059343,28.19104371,2026-08-18,https://www.dane.gov.co/files/operaciones/PIB/anex-ProduccionConstantes-IItrim2026.xlsx,DANE_publicado_sujeto_a_revision
2021-07-01,T3 2021,229902.56574799,228500.05539906,308.95546081,13.33279151,5.46697400,24.16141710,2026-08-18,https://www.dane.gov.co/files/operaciones/PIB/anex-ProduccionConstantes-IItrim2026.xlsx,DANE_publicado_sujeto_a_revision
2021-10-01,T4 2021,251521.52879122,238692.73743782,337.28444653,11.05163865,4.46069128,22.52048532,2026-08-18,https://www.dane.gov.co/files/operaciones/PIB/anex-ProduccionConstantes-IItrim2026.xlsx,DANE_publicado_sujeto_a_revision
2022-01-01,T1 2022,229312.19668381,239472.43646225,337.21099472,8.09155797,0.32665385,23.18658487,2026-08-18,https://www.dane.gov.co/files/operaciones/PIB/anex-ProduccionConstantes-IItrim2026.xlsx,DANE_publicado_sujeto_a_revision
2022-04-01,T2 2022,238981.39235055,243843.78756357,354.00762298,12.37053589,1.82540887,29.83764844,2026-08-18,https://www.dane.gov.co/files/operaciones/PIB/anex-ProduccionConstantes-IItrim2026.xlsx,DANE_publicado_sujeto_a_revision
2022-07-01,T3 2022,246876.81478396,245340.31650711,385.25301182,7.38323602,0.61372445,24.69532366,2026-08-18,https://www.dane.gov.co/files/operaciones/PIB/anex-ProduccionConstantes-IItrim2026.xlsx,DANE_publicado_sujeto_a_revision
2022-10-01,T4 2022,257484.59618168,243998.45946706,394.60737049,2.37079801,-0.54693703,16.99542465,2026-08-18,https://www.dane.gov.co/files/operaciones/PIB/anex-ProduccionConstantes-IItrim2026.xlsx,DANE_publicado_sujeto_a_revision
2023-01-01,T1 2023,235763.56218378,245878.19009442,386.42948116,2.81335472,0.77038627,14.59575376,2026-08-18,https://www.dane.gov.co/files/operaciones/PIB/anex-ProduccionConstantes-IItrim2026.xlsx,DANE_publicado_sujeto_a_revision
2023-04-01,T2 2023,240006.89361332,244914.39824276,382.61402058,0.42911344,-0.39197940,8.08072927,2026-08-18,https://www.dane.gov.co/files/operaciones/PIB/anex-ProduccionConstantes-IItrim2026.xlsx,DANE_publicado_sujeto_a_revision
2023-07-01,T3 2023,245810.06046316,244395.72668009,402.01822862,-0.43209984,-0.21177667,4.35174192,2026-08-18,https://www.dane.gov.co/files/operaciones/PIB/anex-ProduccionConstantes-IItrim2026.xlsx,DANE_publicado_sujeto_a_revision
2023-10-01,T4 2023,259262.48373974,245654.68498272,416.13826964,0.69048308,0.51513106,5.45628408,2026-08-18,https://www.dane.gov.co/files/operaciones/PIB/anex-ProduccionConstantes-IItrim2026.xlsx,DANE_publicado_sujeto_a_revision
2024-01-01,T1 2024,236283.75999320,247253.01821875,402.37803261,0.22064385,0.65064228,4.12715702,2026-08-18,https://www.dane.gov.co/files/operaciones/PIB/anex-ProduccionConstantes-IItrim2026.xlsx,DANE_publicado_sujeto_a_revision
2024-04-01,T2 2024,243569.08173325,247867.99603630,410.17981466,1.48420242,0.24872409,7.20459591,2026-08-18,https://www.dane.gov.co/files/operaciones/PIB/anex-ProduccionConstantes-IItrim2026.xlsx,DANE_publicado_sujeto_a_revision
2024-07-01,T3 2024,249665.76937002,248392.68533610,436.60108508,1.56857246,0.21168094,8.60231054,2026-08-18,https://www.dane.gov.co/files/operaciones/PIB/anex-ProduccionConstantes-IItrim2026.xlsx,DANE_publicado_sujeto_a_revision
2024-10-01,T4 2024,265971.38890353,251976.30040885,464.15706765,2.58768838,1.44272166,11.53914492,2026-08-18,https://www.dane.gov.co/files/operaciones/PIB/anex-ProduccionConstantes-IItrim2026.xlsx,DANE_publicado_sujeto_a_revision
2025-01-01,T1 2025,242331.31489505,252684.91784447,446.19493659,2.55944586,0.28122384,10.88948711,2026-08-18,https://www.dane.gov.co/files/operaciones/PIB/anex-ProduccionConstantes-IItrim2026.xlsx,DANE_publicado_sujeto_a_revision
2025-04-01,T2 2025,248150.38468374,253525.59115819,440.95265901,1.88090496,0.33269628,7.50228150,2026-08-18,https://www.dane.gov.co/files/operaciones/PIB/anex-ProduccionConstantes-IItrim2026.xlsx,DANE_publicado_sujeto_a_revision
2025-07-01,T3 2025,259113.75922276,257783.14666738,478.05682430,3.78425520,1.67933955,9.49510678,2026-08-18,https://www.dane.gov.co/files/operaciones/PIB/anex-ProduccionConstantes-IItrim2026.xlsx,DANE_publicado_sujeto_a_revision
2025-10-01,T4 2025,271477.46478570,257079.26791722,487.46561453,2.07017601,-0.27305072,5.02169384,2026-08-18,https://www.dane.gov.co/files/operaciones/PIB/anex-ProduccionConstantes-IItrim2026.xlsx,DANE_publicado_sujeto_a_revision
2026-01-01,T1 2026,247630.84286065,258731.70182561,475.32248345,2.18689358,0.64277214,6.52798687,2026-08-18,https://www.dane.gov.co/files/operaciones/PIB/anex-ProduccionConstantes-IItrim2026.xlsx,DANE_publicado_sujeto_a_revision
2026-04-01,T2 2026,256893.69706816,262061.54156033,486.56464149,3.52339264,1.28698560,10.34396359,2026-08-18,https://www.dane.gov.co/files/operaciones/PIB/anex-ProduccionConstantes-IItrim2026.xlsx,DANE_publicado_sujeto_a_revision
