fecha,BCOLOMBIA,BIOMAX,BNA,BOGOTA,BVC,CELSIA,CEMARGOS,CHOCOLATES,CIBEST,CLH,CNEC,COLINVERS,COLTEJER,CONCONCRET,CORFICOLCF,ECOPETROL,EEB,ENKA,ETB,EXITO,FABRICATO,GEB,GRUBOLIVAR,GRUPOARGOS,GRUPOAVAL,GRUPOSURA,INTERBOLSA,INVERARGOS,ISA,ISAGEN,MINEROS,NUTRESA,PAZRIO,PEI,PFAVAL,PFAVH,PFAVTA,PFBCOLOM,PFBCREDITO,PFCARPAK,PFCEMARGOS,PFCIBEST,PFCORFICOL,PFDAVIGRP,PFDAVVNDA,PFGRUPOARG,PFGRUPSURA,PFHELMBANK,PMGC,PREC,PROMIGAS,SIE,SURAMINV,TABLEMAC,TERPEL
2009-01-01,,,,23500.0,8991.4,2320.0,3647.9,,81.125,,,,1.06,,13400.0,2040.0,,5.0,630.0,9900.0,24.2,,,9250.0,504.0,15700.0,1575.0,,7440.0,1920.0,2500.0,14880.0,34.0,,,,,12774.1,,,,12820.0,11900.0,,,,,322.0,,,5500.0,,,3.84,
2009-02-01,,,,23500.0,8600.5,2250.0,3611.5,,72.5,,,,1.04,,13360.0,2105.0,,8.95,607.0,9500.0,27.1,,,9350.0,455.0,15600.0,1590.0,,7300.0,1815.0,2675.0,15300.0,31.0,,,,,10960.6,,,,11000.0,12600.0,,,,,306.0,,,5428.571428571428,,,3.77,
2009-03-01,,,,22980.0,8307.3,2360.0,3336.1,,76.375,,,,1.05,,13800.0,2140.0,,7.8,690.0,10880.0,28.6,,98000.0,9480.0,468.0,15900.0,1690.0,,7440.0,1870.0,2760.0,15100.0,28.0,,,,,12096.6,,,,12140.0,12300.0,,,,,305.0,,,5714.285714285715,,,3.72,
2009-04-01,,,,24660.0,11050.0,2626.0,3481.6,,83.625,,,,1.01,,14900.0,2120.0,,9.55,820.0,11200.0,30.0,,103100.0,10220.0,518.0,17220.0,1700.0,,8150.0,2025.0,2915.0,16200.0,28.9,,,,,13312.2,,,,13360.0,12600.0,,,,,319.0,,,5777.142857142857,,,4.28,
2009-05-01,,,,27500.0,11500.0,3030.0,3793.4,,96.875,,,,1.0,,16240.0,2385.0,,8.99,855.0,12500.0,29.1,,103000.0,11480.0,600.0,19200.0,1665.0,,8700.0,2160.0,3000.0,16800.0,30.0,,,,,15444.5,,,,15500.0,14100.0,,,,,353.0,,,5428.571428571428,,,5.55,
2009-06-01,,,,29300.0,13500.0,3210.0,4302.6,,102.5,,,,0.99,,18300.0,2580.0,,8.5,871.0,14100.0,27.5,,110000.0,12200.0,633.0,20080.0,1655.0,,9130.0,2340.0,2920.0,18040.0,29.5,,,,,16381.2,,,,16440.0,15840.0,,,,,375.0,,,5580.0,,,5.53,
2009-07-01,,,,29300.0,13650.0,3102.0,4728.7,,102.5,,,,0.96,,19400.0,2775.0,,8.22,974.0,16040.0,23.4,,115000.0,12660.0,651.0,21580.0,1750.0,,10400.0,2185.0,3215.0,18240.0,21.3,,,,,16341.3,,,,16400.0,18000.0,,,,,407.0,,,5931.428571428572,,,5.49,
2009-08-01,,,,30120.0,13550.0,3400.0,5123.7,,113.875,,,,1.03,,21360.0,2680.0,,7.4,1170.0,16440.0,23.2,,110000.0,13320.0,666.0,22400.0,1700.0,,11300.0,2290.0,3700.0,18880.0,21.3,,,,,18075.1,,,,18140.0,20160.0,,,,,411.0,,,6020.0,,,5.55,
2009-09-01,,,,33000.0,14650.0,4350.0,5705.7,,127.5,,,,1.06,,23280.0,2705.0,,7.2,1030.0,15700.0,21.2,,113000.0,16000.0,745.0,25000.0,2135.0,,12200.0,2245.0,4750.0,22840.0,20.0,,,,,20526.3,,,,20600.0,21040.0,,,,,450.0,,,5857.142857142857,,,6.35,
2009-10-01,,890.0,,32000.0,14050.0,4850.0,5196.4,,121.875,,,,0.97,,22200.0,2550.0,,6.85,965.0,15540.0,21.0,863.8,24940.0,15180.0,739.0,22500.0,2365.0,,11620.0,2095.0,5370.0,20840.0,18.1,,,,,19629.5,,,,19700.0,21000.0,,,,,432.0,,,5714.285714285715,,,5.72,
2009-11-01,,770.0,,33000.0,14850.0,5390.0,5456.2,,135.0,,,,0.99,,22700.0,2505.0,,6.22,1120.0,18680.0,26.8,1139.0,36100.0,17300.0,747.0,23700.0,2310.0,,11420.0,2210.0,5620.0,22000.0,17.0,,,,,21423.1,,,,21500.0,20800.0,,,,,438.0,,,4285.714285714285,14000.0,,5.59,
2009-12-01,,780.0,,33800.0,14750.0,5120.0,5612.1,,144.625,,,,1.07,,23260.0,2485.0,,7.0,1155.0,19500.0,29.9,1190.0,40000.0,19000.0,770.0,24540.0,2420.0,,12980.0,2200.0,5580.0,21000.0,37.0,,,,,22977.5,,,,23060.0,22600.0,,,,,440.0,,30260.0,5142.857142857143,14000.0,,5.95,
2010-01-01,,815.0,,34000.0,14950.0,5200.0,6100.6,,138.75,,,,1.01,,22700.0,2455.0,,8.05,1140.0,18500.0,29.4,1198.0,40000.0,19980.0,747.0,25240.0,2410.0,,12680.0,2230.0,5500.0,20200.0,40.0,,,,,21682.1,,,,21760.0,22200.0,,,,,440.0,,28000.0,5128.571428571428,14520.0,,6.22,
2010-02-01,,846.0,,37700.0,16600.0,5240.0,6111.0,,139.375,,,,0.98,,26300.0,2560.0,,8.0,1005.0,17800.0,29.4,1234.0,40000.0,19300.0,840.0,26560.0,2400.0,,12880.0,2225.0,5550.0,20520.0,35.9,,,,,22140.5,,,,22220.0,24300.0,,,,,442.0,,,4985.714285714285,15500.0,,6.37,
2010-03-01,,885.0,,37300.0,19100.0,5900.0,6225.3,,139.25,,,,1.07,,27680.0,2700.0,,9.0,1040.0,17380.0,30.6,1250.0,42500.0,19800.0,896.0,28280.0,2440.0,,12800.0,2280.0,5720.0,21420.0,33.0,,,,,22200.3,,,,22280.0,25820.0,,,,,435.0,,,4997.142857142857,13000.0,,6.74,
2010-04-01,,1140.0,,39800.0,18450.0,6180.0,5986.3,,143.875,,,,0.98,,29900.0,2765.0,,9.85,1155.0,17680.0,30.3,1290.0,40600.0,19400.0,940.0,29720.0,2500.0,,12980.0,2335.0,5720.0,21820.0,38.5,,,,,22917.7,,,,23000.0,27800.0,,,,,440.0,,44380.0,5028.571428571428,18160.0,,7.79,
2010-05-01,,1085.0,,38800.0,17150.0,6060.0,5840.8,,146.875,,,,0.95,,29020.0,2700.0,,9.66,1075.0,17900.0,30.0,1275.4,41420.0,19200.0,908.0,29480.0,2400.0,,12720.0,2155.0,5700.0,20960.0,34.0,,,,,23415.9,,,,23500.0,27000.0,,,,,441.0,,41700.0,5000.0,12940.0,,7.35,
2010-06-01,,1105.0,,38500.0,17900.0,6240.0,5923.9,,148.5,,,,0.92,,28380.0,2755.0,,9.39,1065.0,18000.0,28.8,1254.0,45000.0,19400.0,924.0,29960.0,2410.0,,12800.0,2265.0,6000.0,20700.0,34.0,,,,,24033.7,,,,24120.0,27300.0,,,,,425.0,,43640.0,4714.285714285715,14340.0,,8.15,
2010-07-01,,1155.0,,42300.0,18400.0,6450.0,5934.3,,164.375,,,,0.9,,31580.0,3105.0,,9.54,1040.0,20080.0,29.8,1280.0,47560.0,20260.0,1040.0,32780.0,2325.0,,13080.0,2255.0,6000.0,25000.0,34.5,,,,,26883.5,,,,26980.0,28900.0,,,,,415.0,,43960.0,4785.714285714285,14040.0,,10.1,
2010-08-01,,1300.0,,49600.0,19050.0,6520.0,6142.2,,177.625,,,,0.89,,32340.0,3485.0,,13.3,1095.0,22500.0,28.8,1280.0,49000.0,20800.0,1125.0,36200.0,2365.0,,12960.0,2285.0,5800.0,25280.0,38.2,,,,,29095.5,,,,29200.0,30500.0,,,,,466.0,,43000.0,4700.0,14220.0,,10.4,
2010-09-01,,1380.0,,52000.0,19850.0,6800.0,6547.5,,183.625,,,,0.86,,34600.0,3700.0,,13.8,779.0,22380.0,27.4,1439.2,58500.0,22800.0,1330.0,38360.0,2425.0,,14100.0,2475.0,6900.0,25960.0,43.7,,,,,29693.4,,,,29800.0,33300.0,,,,,485.0,,50200.0,4782.857142857143,14440.0,,9.85,
2010-10-01,,1575.0,,53520.0,22600.0,6540.0,6599.5,,185.0,,,,0.91,,33980.0,4410.0,,14.7,740.0,24000.0,26.0,1499.0,63000.0,22000.0,1490.0,41000.0,2630.0,,14600.0,2575.0,7680.0,27000.0,45.6,,,,,31706.1,,,,31820.0,32300.0,,,,,478.0,,58000.0,4997.142857142857,14600.0,,9.94,
2010-11-01,,1495.0,,51300.0,21300.0,5900.0,5913.5,,177.125,,,,0.82,,35500.0,3840.0,,13.1,660.0,23800.0,27.3,1500.0,59000.0,19920.0,1355.0,38300.0,2880.0,,13500.0,2490.0,7500.0,25300.0,45.0,,,,,29394.4,,,,29500.0,33000.0,,,,,430.0,,60400.0,4714.285714285715,13260.0,,8.96,
2010-12-01,,1850.0,,57900.0,21500.0,5770.0,5923.9,,184.375,,,,0.89,1690.0,34320.0,4100.0,,12.7,670.0,23360.0,26.9,1745.0,59000.0,19900.0,1700.0,37480.0,2920.0,,14100.0,2600.0,7860.0,27100.0,46.8,,,,,29832.9,,,,29940.0,33620.0,,22980.0,,,458.0,,63200.0,4928.571428571428,14340.0,,9.8,
2011-01-01,,1900.0,,55760.0,20500.0,5210.0,5944.7,,168.875,,,,0.82,1610.0,35100.0,3970.0,,14.9,650.0,23000.0,30.6,1750.0,59900.0,19200.0,1615.0,35300.0,2795.0,,13200.0,2425.0,7300.0,25000.0,47.2,,,,,27202.3,,,,27300.0,34000.0,,22000.0,,,446.0,,64500.0,4142.857142857143,14200.0,,9.26,
2011-02-01,,1940.0,,54500.0,21000.0,5350.0,5716.1,,168.125,,,,0.83,1580.0,34280.0,3965.0,,14.1,610.0,25500.0,31.2,1695.4,57040.0,18560.0,1575.0,35400.0,2825.0,,12780.0,2440.0,6890.0,23520.0,48.0,,,,,27003.0,,,,27100.0,32300.0,,21820.0,,,416.0,,63640.0,4428.571428571428,14360.0,,10.5,
2011-03-01,,1910.0,,54600.0,20450.0,5200.0,5643.3,,182.5,,,,0.85,1540.0,35220.0,3885.0,,14.8,656.0,27300.0,41.9,1778.8,55580.0,18800.0,1350.0,37180.0,2770.0,,12720.0,2420.0,6300.0,23500.0,46.0,,,,,28995.9,,,,29100.0,32500.0,,20560.0,,,382.0,,51660.0,4500.0,14100.0,,11.6,
2011-04-01,,1800.0,,53220.0,20300.0,4950.0,5560.2,,180.0,,,,0.88,1600.0,34100.0,3800.0,,13.7,650.0,27200.0,44.0,1710.0,55400.0,18460.0,1350.0,36740.0,2850.0,,12540.0,2350.0,6640.0,22860.0,48.0,,,,,29035.7,,,,29140.0,32500.0,,21000.0,,,378.0,,53400.0,4285.714285714285,13960.0,,11.9,
2011-05-01,,1720.0,,52320.0,21950.0,5200.0,5996.7,,181.875,,,,0.81,1730.0,33900.0,4045.0,,13.1,710.0,26300.0,58.5,1676.8,52000.0,19580.0,1285.0,39980.0,2700.0,,13040.0,2495.0,6550.0,24960.0,47.0,,1290.0,,,29872.7,,,,29980.0,30000.0,,22400.0,,,370.0,,49760.0,4285.714285714285,13380.0,,12.2,
2011-06-01,,1620.0,,53260.0,20600.0,5070.0,5861.6,,182.5,,,,1.16,1700.0,34000.0,3840.0,,13.3,705.0,24500.0,65.0,1550.0,52680.0,19100.0,1300.0,37800.0,2635.0,,12860.0,2395.0,6200.0,23400.0,45.0,,1315.0,,,29394.4,,,,29500.0,32600.0,,21900.0,,,360.0,,47560.0,4074.285714285714,12960.0,,13.0,
2011-07-01,,1580.0,,51980.0,20150.0,4710.0,5726.5,,181.25,,,,1.12,1590.0,33000.0,3735.0,,12.1,540.0,23800.0,73.5,1470.0,52000.0,18220.0,1285.0,36000.0,2650.0,,12240.0,2320.0,5870.0,22200.0,41.9,,1280.0,,,28936.1,,,,29040.0,31200.0,,21720.0,,,325.0,,51500.0,4142.857142857143,11360.0,,11.7,
2011-08-01,,1495.0,,48800.0,18900.0,4890.0,5768.0,,180.0,,,,1.03,1640.0,34780.0,3855.0,,11.0,530.0,23460.0,73.0,1230.0,50900.0,18180.0,1210.0,35460.0,2375.0,,12200.0,2295.0,6040.0,22300.0,41.9,,1220.0,,,29095.5,,,,29200.0,33000.0,,21000.0,,,318.0,,43500.0,4142.857142857143,11300.0,,10.7,
2011-09-01,,1480.0,,50000.0,17000.0,4190.0,5664.1,,176.875,,,,1.09,1510.0,34500.0,3860.0,,10.9,580.0,22960.0,71.5,1400.0,50920.0,17400.0,1270.0,33200.0,2280.0,,11600.0,2210.0,6030.0,23280.0,38.0,,1175.0,,,26803.8,,,,26900.0,31800.0,,20300.0,,,293.0,,41160.0,4068.5714285714284,11780.0,,9.75,
2011-10-01,,1445.0,,49660.0,16650.0,4280.0,5581.0,,181.25,,,,1.0,1445.0,35140.0,4000.0,,11.9,568.0,24000.0,71.0,1315.0,50940.0,17900.0,1225.0,32780.0,2280.0,,11900.0,2200.0,5700.0,22400.0,38.0,,1220.0,,,29294.8,,,,29400.0,33500.0,,20220.0,,,310.0,,43940.0,3857.1428571428573,11520.0,,9.59,
2011-11-01,,1505.0,,47720.0,13800.0,4010.0,5539.4,,172.5,,,,0.91,1360.0,33800.0,4100.0,,10.3,476.0,23540.0,77.5,1265.0,52000.0,16320.0,1260.0,30520.0,2340.0,,10520.0,2055.0,5000.0,21300.0,31.0,,1300.0,,,27899.8,,,,28000.0,31700.0,,20200.0,,,282.0,,41360.0,3857.1428571428573,10700.0,,9.81,
2011-12-01,,1495.0,,49000.0,13400.0,3825.0,5643.3,,178.0,,,,0.82,1380.0,33840.0,4215.0,,8.04,477.0,25460.0,84.5,1175.0,51220.0,16820.0,1250.0,31100.0,2350.0,,11200.0,2080.0,4810.0,21800.0,31.0,,1280.0,,,27521.2,,,,27620.0,32400.0,,20860.0,,,309.0,,35500.0,3785.714285714286,10680.0,,9.98,
2012-01-01,,1495.0,,48960.0,14500.0,4480.0,5664.1,,174.875,,,,0.8,1250.0,34480.0,4600.0,,8.55,498.0,24600.0,90.0,1080.0,51180.0,16760.0,1200.0,30480.0,2450.0,,11220.0,2085.0,5210.0,21300.0,26.1,,1225.0,3780.0,,27960.0,,,,27960.0,33500.0,,19800.0,,,312.0,,45200.0,3685.714285714286,10800.0,,10.1,
2012-02-01,,1600.0,,50500.0,16950.0,4400.0,5664.1,,174.375,,,,0.76,1200.0,33960.0,5210.0,,8.95,482.0,25180.0,89.5,1075.0,51180.0,16800.0,1220.0,32500.0,2450.0,,11400.0,2285.0,5390.0,21900.0,24.9,,1245.0,4290.0,,28500.0,,,,28500.0,32840.0,,20180.0,,,348.0,,51340.0,3657.1428571428573,11520.0,,10.5,
2012-03-01,,1475.0,,49800.0,17200.0,4355.0,5768.0,,175.625,,,,0.69,1345.0,34000.0,5430.0,,9.51,449.0,25960.0,89.5,1025.0,51180.0,17040.0,1265.0,31160.0,2385.0,,11300.0,2285.0,4910.0,21660.0,29.5,,1310.0,3820.0,,28600.0,,,,28600.0,33480.0,,19340.0,,,370.0,,52000.0,4000.0,10600.0,,10.3,
2012-04-01,,1490.0,,50100.0,17050.0,4770.0,6339.6,,180.625,,,,,1315.0,34300.0,5700.0,,8.8,482.0,28600.0,89.0,1025.0,50200.0,17000.0,1270.0,31960.0,2350.0,,11400.0,2465.0,4830.0,21620.0,32.1,,1265.0,3750.0,,29900.0,,,,29900.0,31000.0,,20380.0,,,565.0,,50680.0,4142.857142857143,10060.0,,10.2,
2012-05-01,,1460.0,,50340.0,16250.0,4700.0,5820.0,,170.0,,,,6010.0,1280.0,32600.0,5450.0,,8.7,450.0,29480.0,89.0,1000.0,52000.0,17100.0,1175.0,31480.0,2310.0,,11420.0,2550.0,4730.0,21200.0,28.0,,1195.0,3830.0,,27500.0,,,,27500.0,31200.0,,22480.0,,,510.0,,47600.0,4128.571428571428,9500.0,,10.8,
2012-06-01,,1450.0,,50300.0,14100.0,4255.0,7000.0,,168.625,,,,6010.0,1070.0,30300.0,4985.0,,7.99,401.0,29540.0,92.5,995.0,49900.0,16500.0,1140.0,30900.0,2295.0,,11600.0,2450.0,4460.0,20500.0,26.0,,1145.0,3770.0,,27800.0,,,,27800.0,27860.0,,22000.0,,,457.0,,37800.0,4128.571428571428,9500.0,,9.52,
2012-07-01,,1490.0,,51260.0,14600.0,4680.0,7080.0,,169.875,,,,5400.0,1060.0,33000.0,5150.0,,6.5,399.0,30700.0,89.0,1095.0,49000.0,17220.0,1180.0,30700.0,2155.0,,11400.0,2485.0,4000.0,20900.0,26.0,,1210.0,4200.0,,27860.0,,,,27860.0,30500.0,,21660.0,,,510.0,,40260.0,,9680.0,,9.9,
2012-08-01,,1540.0,,49960.0,14100.0,4800.0,7100.0,,161.25,,,,,1220.0,33000.0,5270.0,,7.19,391.0,29800.0,92.0,1180.0,49000.0,17600.0,1130.0,30320.0,1815.0,,10960.0,2465.0,4310.0,20800.0,26.0,,1150.0,4190.0,,26320.0,,,,26320.0,30600.0,,21500.0,,,470.0,,44600.0,3582.8571428571427,9090.0,,10.0,
2012-09-01,,1580.0,,50720.0,14750.0,4975.0,7820.0,,165.0,,,,4705.0,1275.0,34000.0,5300.0,,8.87,415.0,29500.0,93.0,1220.0,48600.0,19880.0,1190.0,30440.0,1800.0,,9520.0,2450.0,4015.0,21020.0,20.0,,1190.0,4230.0,,26660.0,,5100.0,,26660.0,31800.0,,21700.0,,33300.0,476.0,,43000.0,3717.1428571428573,9100.0,,,
2012-10-01,,1545.0,,54500.0,16100.0,5450.0,8760.0,,179.125,,,,3535.0,1320.0,34800.0,5450.0,,9.0,455.0,34920.0,91.0,1310.0,48600.0,20940.0,1300.0,35760.0,1400.0,,9920.0,2570.0,4800.0,24500.0,20.0,,1295.0,4650.0,,29220.0,,5160.0,,29220.0,31920.0,,22600.0,,37700.0,487.0,,43060.0,3717.1428571428573,9320.0,,10.6,
2012-11-01,,1540.0,,53300.0,14600.0,5270.0,9120.0,,173.25,,,,3535.0,1290.0,33480.0,5290.0,,6.75,407.0,36000.0,72.0,1275.0,48580.0,19080.0,1205.0,35220.0,980.0,,9500.0,2560.0,4205.0,25000.0,20.0,,1220.0,4380.0,,28700.0,,5000.0,,28700.0,31000.0,,22820.0,,37000.0,484.0,,39600.0,3714.285714285714,9100.0,,8.11,
2012-12-01,,1540.0,,54500.0,14850.0,5340.0,10100.0,,187.5,,,,3535.0,1350.0,36480.0,5460.0,,7.23,396.0,35500.0,,1270.0,48500.0,21000.0,1290.0,38000.0,,,9600.0,2505.0,4250.0,25420.0,20.0,,1300.0,4525.0,,29820.0,,4995.0,,29820.0,33480.0,,23480.0,,39000.0,481.0,,41300.0,3577.1428571428573,9350.0,,8.35,
2013-01-01,,1350.0,,55980.0,15100.0,5800.0,10940.0,,190.5,,,,3535.0,1370.0,35000.0,5650.0,,7.42,393.0,33200.0,,1340.0,48000.0,23380.0,1260.0,37700.0,,,9990.0,2450.0,4600.0,24900.0,20.0,,1255.0,4370.0,,31180.0,,4170.0,,31180.0,33000.0,,24000.0,,38400.0,495.0,,41400.0,3577.1428571428573,8610.0,,7.39,
2013-02-01,,1555.0,,58600.0,15550.0,5970.0,9300.0,,180.0,,,,1100.0,1470.0,35480.0,5210.0,,8.0,430.0,35000.0,,1410.0,46000.0,22720.0,1290.0,38660.0,,,9800.0,2555.0,4860.0,26760.0,20.0,,1290.0,4585.0,,29800.0,,4680.0,,29800.0,32780.0,,25900.0,22700.0,39740.0,496.0,,44400.0,3985.714285714286,9000.0,,7.82,
2013-03-01,,1555.0,,58000.0,15150.0,5600.0,8700.0,,180.0,,,,1300.0,1405.0,35260.0,5050.0,,7.55,413.0,33000.0,20.0,1400.0,46000.0,21760.0,1265.0,39000.0,,,9000.0,2540.0,4715.0,26000.0,20.0,,1290.0,4495.0,,29000.0,,5200.0,,29000.0,31000.0,,26000.0,21740.0,39200.0,512.0,,38500.0,3571.4285714285716,9000.0,,7.9,
2013-04-01,,1700.0,,63000.0,14250.0,5270.0,8150.0,,187.5,,,,1300.0,1355.0,35300.0,4390.0,,7.86,397.0,29920.0,12.0,1365.0,46000.0,20320.0,1265.0,38500.0,,,8400.0,2540.0,4090.0,25160.0,20.0,,1280.0,4250.0,,29900.0,,5100.0,,29900.0,30000.0,,24420.0,20140.0,38420.0,481.0,,38560.0,3660.0,8780.0,,7.45,
2013-05-01,,,,70000.0,14750.0,5050.0,7800.0,,171.875,,,,1300.0,1315.0,36540.0,4080.0,,7.4,416.0,30960.0,10.0,1360.0,,20160.0,1400.0,38800.0,,,7940.0,2620.0,3870.0,25500.0,20.0,,1400.0,4305.0,,28000.0,,4640.0,,28000.0,32980.0,,25460.0,20100.0,39600.0,511.0,,40140.0,5050.0,8980.0,,7.4,
2013-06-01,,1700.0,,69000.0,14200.0,4850.0,7980.0,,165.0,,,,1300.0,1260.0,36000.0,4080.0,,6.85,403.0,32000.0,12.0,1370.0,45000.0,19200.0,1355.0,37400.0,,,7570.0,2575.0,3540.0,23980.0,20.0,,1375.0,4135.0,,27000.0,,4420.0,,27000.0,33000.0,,23160.0,19300.0,37940.0,520.0,,34200.0,5700.0,8450.0,,6.89,
2013-07-01,,1700.0,,70980.0,12500.0,5530.0,8650.0,,167.5,,,,1400.0,1170.0,37000.0,4335.0,,6.34,398.0,31140.0,12.0,1450.0,44500.0,20900.0,1395.0,37380.0,,,8040.0,2720.0,2940.0,25500.0,5.56,,1370.0,4030.0,,27200.0,,4100.0,8750.0,27200.0,33000.0,,23080.0,20560.0,37880.0,514.0,,37200.0,5700.0,9000.0,,7.15,
2013-08-01,,1700.0,,69980.0,12550.0,5700.0,9160.0,,164.875,,,,1400.0,1290.0,38580.0,4335.0,,6.8,387.0,31980.0,11.5,1560.0,44500.0,21840.0,1365.0,38280.0,,,9240.0,3065.0,3465.0,27500.0,6.5,,1380.0,4060.0,,26880.0,,4100.0,9100.0,26880.0,34200.0,,24680.0,21840.0,38980.0,535.0,,36660.0,,9010.0,,7.6,
2013-09-01,,1700.0,,67600.0,11650.0,6210.0,10000.0,,168.125,,,,1400.0,1390.0,39160.0,4380.0,,8.39,390.0,32620.0,10.2,1540.0,44300.0,22540.0,1390.0,38120.0,,,9450.0,2920.0,3305.0,27220.0,6.5,,1390.0,3680.0,,27420.0,,3980.0,10000.0,27420.0,34800.0,,25320.0,22400.0,38560.0,528.0,,37460.0,5850.0,9310.0,,8.0,
2013-10-01,,1700.0,,67020.0,12050.0,6080.0,9990.0,,163.125,,,,2100.0,1400.0,39380.0,4500.0,,8.05,388.0,31700.0,14.5,1590.0,44000.0,21940.0,1330.0,37500.0,,,9360.0,3020.0,3405.0,27000.0,11.7,,1315.0,4245.0,,26500.0,,3820.0,9640.0,26500.0,34480.0,,24820.0,21960.0,37600.0,532.0,,39020.0,5890.0,9500.0,,,
2013-11-01,,1700.0,,67840.0,11950.0,5650.0,9330.0,,151.875,,,,2100.0,1290.0,39180.0,3935.0,,7.0,390.0,30940.0,12.0,1525.0,43700.0,20000.0,1270.0,34800.0,,,8620.0,3115.0,3225.0,26000.0,11.7,,1280.0,3610.0,,24760.0,,3550.0,9150.0,24760.0,34000.0,,23900.0,20000.0,35700.0,533.0,,36280.0,5690.0,9860.0,,,
2013-12-01,,,,71500.0,11200.0,5680.0,9800.0,,148.875,,,,2100.0,1335.0,39600.0,3700.0,,8.43,437.0,30000.0,12.1,1535.0,43500.0,19440.0,1295.0,33700.0,,,9100.0,3250.0,3615.0,26440.0,9.5,,1275.0,3700.0,,23440.0,,3395.0,9750.0,23440.0,36000.0,,23660.0,19500.0,34980.0,533.0,,33880.0,4770.0,9730.0,,8.0,
2014-01-01,,,,66400.0,10850.0,5110.0,8330.0,,137.5,,,,1250.0,1395.0,35500.0,3520.0,,9.59,420.0,26500.0,14.0,1335.0,43400.0,18000.0,1145.0,30700.0,,,7420.0,2940.0,3145.0,23600.0,12.0,,1160.0,4075.0,,22220.0,,3100.0,8630.0,22220.0,33500.0,,21400.0,18180.0,31200.0,538.0,,30020.0,4770.0,9600.0,,8.14,
2014-02-01,,,,67980.0,9950.0,5400.0,9200.0,,150.625,,,,1250.0,1430.0,35360.0,3500.0,,8.5,390.0,25220.0,12.0,1410.0,42900.0,18680.0,1200.0,33180.0,,,7600.0,2960.0,3000.0,24160.0,12.0,,1210.0,4235.0,,25460.0,,2930.0,9170.0,25460.0,32940.0,,24100.0,18780.0,33900.0,538.0,,28080.0,4770.0,9580.0,,8.0,
2014-03-01,,,,69960.0,10850.0,5890.0,10080.0,,168.375,,,,1285.0,1430.0,37440.0,4030.0,,10.0,440.0,29680.0,16.0,1610.0,42100.0,20680.0,1295.0,36500.0,,,8790.0,3230.0,2980.0,27280.0,,,1305.0,4215.0,,27440.0,,2765.0,10040.0,27440.0,33000.0,,25480.0,20600.0,36800.0,509.0,,35200.0,4800.0,,,,
2014-04-01,,,,69900.0,10350.0,5950.0,10800.0,,166.25,,,,,1435.0,37440.0,3605.0,,11.1,443.0,29500.0,17.4,1590.0,40000.0,21320.0,1315.0,37780.0,,,9080.0,3165.0,2890.0,27180.0,,,1310.0,4015.0,,27400.0,,2600.0,10600.0,27400.0,34000.0,,27580.0,21340.0,38200.0,,,31520.0,4790.0,9720.0,,7.8,
2014-05-01,,,,69600.0,10450.0,5900.0,10800.0,,160.0,,,,2200.0,1450.0,37300.0,3430.0,,10.0,444.0,30500.0,15.0,1515.0,39700.0,21500.0,1290.0,38300.0,,,9000.0,2870.0,2795.0,27140.0,,,1310.0,3740.0,,26520.0,,2450.0,10840.0,26520.0,33980.0,,29440.0,20720.0,38500.0,,,36940.0,4800.0,9800.0,,7.55,
2014-06-01,,,,68500.0,11500.0,6100.0,11820.0,,165.875,,,,1805.0,1490.0,38340.0,3410.0,,11.2,455.0,31600.0,18.0,1590.0,41120.0,22600.0,1350.0,39900.0,,,9170.0,3100.0,2955.0,27620.0,,,1350.0,3830.0,,27500.0,,2620.0,11380.0,27500.0,34100.0,,30320.0,22400.0,39800.0,,,37340.0,4800.0,10300.0,,7.3,
2014-07-01,,,,70000.0,12450.0,6090.0,11000.0,,176.875,,,,1700.0,1530.0,38600.0,3180.0,,11.7,507.0,30300.0,18.0,1675.0,,22780.0,1380.0,41800.0,,,9230.0,3245.0,2895.0,27100.0,13.1,,1390.0,3825.0,,29000.0,,2495.0,10600.0,29000.0,35000.0,,31780.0,22660.0,39680.0,,,36000.0,4750.0,10700.0,,6.9,
2014-08-01,,1000.0,,72540.0,12500.0,6500.0,11300.0,,184.375,,,,1900.0,1535.0,40900.0,3325.0,,12.8,568.0,32660.0,18.0,1740.0,50000.0,23780.0,1425.0,44100.0,,,9700.0,2870.0,2900.0,28660.0,13.0,,1435.0,3900.0,,30400.0,,2390.0,11080.0,30400.0,37000.0,,31900.0,23400.0,43600.0,,,40100.0,4940.0,10020.0,,6.83,18100.0
2014-09-01,,,,70540.0,11950.0,6080.0,10800.0,,173.0,,,,1900.0,1490.0,40000.0,3165.0,,12.9,555.0,29640.0,16.8,1610.0,42020.0,22700.0,1380.0,40640.0,,,9260.0,2750.0,2940.0,27700.0,13.5,,1390.0,3505.0,,28660.0,,2200.0,10360.0,28660.0,36040.0,,29160.0,22500.0,40500.0,,,34060.0,5120.0,,,6.83,18400.0
2014-10-01,,,,68000.0,11000.0,6000.0,10500.0,,176.25,,,,1900.0,1475.0,40500.0,2750.0,,12.7,540.0,29020.0,13.9,1630.0,42020.0,22380.0,1380.0,42780.0,,,8800.0,2710.0,2785.0,27800.0,,,1395.0,3860.0,,28920.0,,2460.0,10160.0,28920.0,35800.0,,30700.0,22700.0,41480.0,,,30780.0,5240.0,,,7.15,17960.0
2014-11-01,,997.0,,67000.0,10450.0,5750.0,9540.0,,172.5,,,,1900.0,1450.0,39800.0,2290.0,,11.8,527.0,26700.0,12.1,1635.0,45120.0,20160.0,1395.0,40580.0,,,8200.0,2895.0,2375.0,27440.0,,,1405.0,3560.0,,28640.0,,,9420.0,28640.0,36500.0,,28400.0,20100.0,39700.0,,,21600.0,5300.0,,,8.0,17660.0
2014-12-01,,1495.0,,66100.0,10500.0,5870.0,10200.0,,172.75,,,,1900.0,1450.0,39960.0,2080.0,,12.6,507.0,29200.0,11.2,1700.0,45120.0,20500.0,1305.0,40000.0,,,8630.0,2965.0,2400.0,28600.0,,,1280.0,3420.0,,28640.0,,,9650.0,28640.0,38000.0,,28100.0,20000.0,39500.0,,,15100.0,5400.0,,,8.0,17600.0
2015-01-01,,1550.0,,62120.0,9250.0,5150.0,9200.0,,171.625,,,,1900.0,1370.0,37060.0,1955.0,,11.8,450.0,25000.0,10.8,1580.0,43500.0,18520.0,1245.0,35400.0,,,7500.0,2885.0,1995.0,25500.0,,,1285.0,3695.0,,28880.0,,,8600.0,28880.0,35020.0,,25620.0,18520.0,34800.0,,,5450.0,,,,8.0,17200.0
2015-02-01,,1550.0,,61880.0,9350.0,5100.0,8960.0,,156.75,,,,1900.0,1265.0,37500.0,2085.0,,12.0,489.0,24700.0,10.1,1650.0,52540.0,19000.0,1225.0,35040.0,,,7810.0,2920.0,1860.0,24220.0,,,1225.0,3820.0,,25800.0,,1495.0,8760.0,25800.0,34000.0,,26400.0,18600.0,34900.0,,,7480.0,5400.0,,,8.0,16960.0
2015-03-01,,,,55200.0,8900.0,4830.0,8530.0,,153.125,,,,1975.0,1215.0,35680.0,1975.0,,11.6,445.0,25000.0,10.5,1625.0,53020.0,16640.0,1160.0,33560.0,,,7430.0,3050.0,1900.0,22900.0,,,1165.0,3665.0,,25400.0,,1350.0,8360.0,25400.0,32800.0,,25300.0,16940.0,33500.0,,,6200.0,5390.0,,,8.0,16740.0
2015-04-01,,,,62880.0,10500.0,5050.0,10120.0,,157.5,,,,,1200.0,38300.0,2030.0,,12.1,475.0,25560.0,15.8,1700.0,53560.0,18700.0,1205.0,39140.0,,,8000.0,3185.0,1795.0,24760.0,,,1210.0,3750.0,,26060.0,,1335.0,9000.0,26060.0,34000.0,,27700.0,18120.0,35500.0,,,7990.0,5340.0,,,8.0,15460.0
2015-05-01,,,,62300.0,9000.0,4545.0,9200.0,,153.75,,,,1900.0,1180.0,36520.0,1815.0,,12.8,523.0,22540.0,17.9,1680.0,55420.0,16260.0,1260.0,33820.0,,,8190.0,2985.0,1495.0,22500.0,,,1280.0,3300.0,,25900.0,,1320.0,9150.0,25900.0,34000.0,,25120.0,16000.0,33160.0,,,12260.0,5300.0,,,8.0,15460.0
2015-06-01,,,,60000.0,8750.0,4235.0,9250.0,,166.875,,,,1955.0,1150.0,36500.0,1730.0,,12.0,519.0,22720.0,14.0,1590.0,55500.0,17000.0,1270.0,37020.0,,,7350.0,2780.0,1445.0,22900.0,,,1275.0,3350.0,,27900.0,,1250.0,8870.0,27900.0,33000.0,,26740.0,16420.0,36400.0,,,9830.0,5300.0,,,8.0,15300.0
2015-07-01,,,,60020.0,8050.0,4190.0,9870.0,,162.625,,,,2100.0,1180.0,37800.0,1610.0,,12.0,562.0,21300.0,17.9,1670.0,58220.0,17400.0,1225.0,37000.0,,,7080.0,2930.0,1770.0,22120.0,,,1240.0,3120.0,,27660.0,,1250.0,9400.0,27660.0,33000.0,,26480.0,16540.0,36600.0,,,7820.0,5300.0,,,7.21,15400.0
2015-08-01,,1775.0,,58000.0,7900.0,3450.0,9760.0,,156.0,,,,,1150.0,36700.0,1595.0,,11.2,560.0,16780.0,15.0,1690.0,58200.0,16800.0,1115.0,35300.0,,,6640.0,2940.0,1920.0,19900.0,11.0,,1180.0,2240.0,,26380.0,,1450.0,9130.0,26380.0,30000.0,,23840.0,16000.0,35080.0,,,10360.0,4800.0,,,7.3,12900.0
2015-09-01,,1775.0,,59000.0,8250.0,3570.0,9440.0,,148.25,,,,,1215.0,37980.0,1330.0,,11.5,572.0,13260.0,14.5,1740.0,59000.0,17900.0,1180.0,35880.0,,,7150.0,2880.0,1900.0,20780.0,7.01,,1175.0,1845.0,,24960.0,,1550.0,9000.0,24960.0,32000.0,,23980.0,17280.0,35400.0,,,7100.0,5250.0,,,6.5,14000.0
2015-10-01,,,,59000.0,8250.0,2990.0,9600.0,,147.125,,,,,1185.0,37840.0,1350.0,,11.3,595.0,13060.0,14.4,1870.0,58200.0,17800.0,1150.0,36780.0,,,6940.0,3070.0,1900.0,21820.0,8.0,,1160.0,1480.0,,25120.0,,1500.0,9110.0,25120.0,35000.0,,23820.0,17180.0,36360.0,,,5220.0,5200.0,,,8.0,10700.0
2015-11-01,,1750.0,,58000.0,8400.0,2640.0,9360.0,,135.375,,,,,1115.0,38440.0,1305.0,,10.9,510.0,10500.0,12.6,1660.0,57400.0,15640.0,1100.0,32360.0,,,6800.0,2700.0,1760.0,19820.0,7.79,,1090.0,1725.0,,22400.0,,1630.0,8990.0,22400.0,32600.0,,20500.0,15000.0,31400.0,,,4260.0,5160.0,,,9.0,10520.0
2015-12-01,,,,59500.0,8500.0,2800.0,9720.0,,131.125,,,,1950.0,1080.0,38480.0,1110.0,,10.9,519.0,13500.0,15.0,1720.0,57000.0,16200.0,1090.0,35700.0,,,7380.0,3400.0,1845.0,22620.0,,,1090.0,1695.0,,21600.0,,1860.0,9400.0,21600.0,32500.0,,21800.0,15280.0,34800.0,,,3650.0,5000.0,,,9.0,8460.0
2016-01-01,,,,55800.0,8250.0,3055.0,9800.0,,141.25,,,,1850.0,1080.0,37300.0,1030.0,,10.3,545.0,13640.0,16.0,1660.0,,16700.0,1065.0,35800.0,,,7360.0,3930.0,1970.0,23540.0,,,1055.0,1545.0,,23980.0,,1750.0,9110.0,23980.0,30000.0,,23160.0,16280.0,34500.0,,,1850.0,4800.0,,,9.0,8480.0
2016-02-01,,,,56800.0,9100.0,3680.0,10300.0,,148.75,,,,1700.0,1015.0,38000.0,1140.0,,10.4,579.0,14200.0,17.6,1775.0,56500.0,17900.0,1115.0,37800.0,,,7750.0,4000.0,2315.0,24260.0,11.0,,1120.0,2010.0,,24740.0,,2220.0,9750.0,24740.0,31600.0,,25080.0,16900.0,37500.0,,,3180.0,4710.0,,,11.8,8800.0
2016-03-01,,,,60900.0,8900.0,3890.0,11620.0,,154.375,,,,,1085.0,38880.0,1310.0,,10.9,595.0,15680.0,16.1,1900.0,56000.0,20060.0,1150.0,39900.0,,,8650.0,4065.0,2495.0,25500.0,11.0,,1170.0,1900.0,,25880.0,,2625.0,10700.0,25880.0,32200.0,,27480.0,18960.0,39200.0,,,1985.0,4780.0,,,7.1,9930.0
2016-04-01,,,,62980.0,8950.0,3850.0,11580.0,,159.375,,,,,1225.0,38580.0,1415.0,,12.3,610.0,16020.0,17.4,1850.0,55000.0,18800.0,1210.0,38500.0,,,8700.0,4105.0,2470.0,26000.0,9.0,,1190.0,2090.0,,27080.0,,2650.0,10660.0,27080.0,32500.0,,26840.0,17500.0,38000.0,,,1505.0,5000.0,,,7.0,9900.0
2016-05-01,,2050.0,,58900.0,8600.0,3850.0,11640.0,,148.125,,,,1600.0,1140.0,38900.0,1340.0,,12.8,593.0,15200.0,16.2,1860.0,55000.0,17280.0,1150.0,37200.0,,,8800.0,4455.0,2330.0,25500.0,9.0,,1135.0,2020.0,,25280.0,,3025.0,10720.0,25280.0,32000.0,,26200.0,16600.0,36340.0,,,,5000.0,,,,10740.0
2016-06-01,,,,58500.0,9000.0,3850.0,11920.0,,148.75,,,,1600.0,1125.0,38160.0,1395.0,,11.5,587.0,14200.0,15.0,1785.0,54300.0,18500.0,1160.0,38300.0,,,8940.0,4095.0,2440.0,25100.0,8.0,,1180.0,2240.0,,25480.0,,2800.0,11000.0,25480.0,32500.0,,26880.0,17820.0,37580.0,,,,4950.0,,,,10000.0
2016-07-01,,,,58300.0,9000.0,3765.0,11500.0,,151.875,,,,1600.0,1090.0,38380.0,1300.0,,11.8,600.0,14000.0,14.7,1810.0,,18500.0,1165.0,38320.0,,,9090.0,4110.0,2400.0,25220.0,,,1170.0,2305.0,,26300.0,,2720.0,10560.0,26300.0,32400.0,,27000.0,17700.0,37520.0,,,,4500.0,,,,9740.0
2016-08-01,,2000.0,,60520.0,9550.0,4010.0,11800.0,,167.5,,,,,1125.0,38960.0,1320.0,,11.6,600.0,14600.0,15.0,1850.0,,19720.0,1250.0,38640.0,,,9900.0,4095.0,2350.0,26120.0,6.5,,1250.0,2540.0,,29100.0,,3000.0,11220.0,29100.0,33000.0,,29180.0,18900.0,38200.0,,,,5000.0,,,,9500.0
2016-09-01,,,,62600.0,8850.0,3950.0,11480.0,,163.125,,,,,1085.0,37860.0,1250.0,,12.0,586.0,14700.0,14.0,1875.0,,18620.0,1240.0,37620.0,,,9750.0,3190.0,2200.0,25340.0,7.0,,1260.0,2370.0,,27940.0,,3000.0,10800.0,27940.0,32500.0,,29500.0,17820.0,37300.0,,,,5500.0,,,,9300.0
2016-10-01,,2000.0,,62080.0,8950.0,4055.0,11900.0,,165.625,,,,1600.0,1070.0,37280.0,1310.0,,11.6,589.0,15000.0,14.0,1900.0,,19500.0,1240.0,38780.0,,,9990.0,3880.0,2100.0,25180.0,,,1240.0,2400.0,,28540.0,,3070.0,10960.0,28540.0,32400.0,,30600.0,18400.0,38000.0,,,,5300.0,,,,9690.0
2016-11-01,,2300.0,,61620.0,9750.0,3900.0,10940.0,,155.625,,,,1650.0,1005.0,35220.0,1320.0,,12.2,560.0,14300.0,13.4,1805.0,,18020.0,1165.0,35500.0,,,9900.0,3595.0,2000.0,22860.0,8.01,,1165.0,2680.0,,26000.0,,4750.0,10400.0,26000.0,31700.0,,28660.0,17300.0,34360.0,,,,5210.0,,,,10000.0
2016-12-01,,,,60200.0,10850.0,4025.0,11860.0,,157.625,,,,2000.0,1110.0,37080.0,1380.0,,11.7,600.0,14900.0,13.0,1810.0,,19280.0,1180.0,38200.0,,,9980.0,3590.0,1920.0,24900.0,8.4,,1215.0,3600.0,,27180.0,,4805.0,10980.0,27180.0,31020.0,,30000.0,18140.0,37000.0,,,,5200.0,,,,11300.0
2017-01-01,,,,59860.0,11000.0,4250.0,11660.0,,159.25,,,,2000.0,1140.0,34460.0,1375.0,,11.5,638.0,15600.0,13.5,1800.0,,19360.0,1180.0,39000.0,,,10560.0,3500.0,2080.0,24060.0,8.8,,1195.0,3085.0,,27560.0,,5100.0,10800.0,27560.0,30000.0,,31460.0,18840.0,38020.0,,,,5200.0,,,,11280.0
2017-02-01,,2480.0,,58000.0,11850.0,4430.0,11700.0,,156.25,,,,1990.0,1010.0,29340.0,1320.0,,10.5,640.0,15540.0,13.1,1820.0,,19760.0,1125.0,36580.0,,,11200.0,3180.0,2395.0,23600.0,8.0,,1135.0,2805.0,,27300.0,,5300.0,10780.0,27300.0,24000.0,,29700.0,18740.0,35500.0,,,,5000.0,,,,11460.0
2017-03-01,,,,59500.0,12150.0,4380.0,11800.0,,164.125,,,,,987.0,28160.0,1350.0,,10.3,639.0,15320.0,14.2,1830.0,,20240.0,1165.0,39080.0,,,11600.0,4130.0,2450.0,24380.0,,,1170.0,2800.0,,28700.0,,5300.0,10960.0,28700.0,22000.0,,29920.0,19200.0,38200.0,,,,5140.0,,,,12300.0
2017-04-01,,,,60300.0,12000.0,4480.0,11900.0,,169.0,,,,,1005.0,28240.0,1360.0,,10.6,640.0,15240.0,16.0,1845.0,,20400.0,1150.0,38900.0,,,11660.0,,2600.0,24420.0,,,1165.0,2660.0,,28720.0,,5300.0,10980.0,28720.0,21540.0,,31000.0,19100.0,37660.0,,,,5220.0,,,,12100.0
2017-05-01,,,,62380.0,12000.0,4535.0,11720.0,,190.5,,,,,972.0,27120.0,1335.0,,10.5,620.0,15600.0,14.7,1960.0,,20940.0,1215.0,38600.0,,,14100.0,,2620.0,25840.0,8.0,,1215.0,2455.0,,32260.0,,5300.0,10880.0,32260.0,22900.0,,33020.0,19860.0,37820.0,,,,5200.0,,,,12560.0
2017-06-01,,,,62980.0,12350.0,4600.0,11840.0,,198.625,,,,,969.0,26740.0,1380.0,,9.6,618.0,15340.0,14.5,1970.0,,20740.0,1255.0,39600.0,,,13340.0,,2710.0,26400.0,6.5,,1255.0,2470.0,,33900.0,,5300.0,10640.0,33900.0,20500.0,,33680.0,19700.0,38620.0,,,,5200.0,,,,12000.0
2017-07-01,,,,68100.0,12550.0,4740.0,11900.0,,191.25,,,,,1025.0,28920.0,1395.0,,9.8,585.0,15240.0,13.6,1980.0,,21480.0,1305.0,42020.0,,,13680.0,,2650.0,26700.0,6.0,,1320.0,2640.0,,32700.0,,5300.0,10560.0,32700.0,23500.0,,33900.0,19520.0,41280.0,,,,6300.0,,,,12300.0
2017-08-01,,,,68980.0,12950.0,4700.0,11960.0,,206.25,,,,,1030.0,28780.0,1370.0,,9.49,555.0,15360.0,11.5,1950.0,,20980.0,1310.0,41500.0,,,13360.0,,2640.0,27140.0,6.0,,1320.0,2810.0,,33600.0,,5300.0,10600.0,33600.0,22800.0,,33000.0,18600.0,40240.0,,,,6000.0,,,,13000.0
2017-09-01,,,,68980.0,12600.0,4685.0,11700.0,,204.625,,,,,1020.0,28680.0,1400.0,,9.27,515.0,15460.0,11.5,2000.0,,21120.0,1315.0,40880.0,,,13680.0,,2555.0,26840.0,5.0,,1330.0,2885.0,,33780.0,,5300.0,10340.0,33780.0,23420.0,,33260.0,19200.0,40180.0,,,,7200.0,,,,13600.0
2017-10-01,,,,64200.0,12200.0,4490.0,11100.0,,176.25,,,,,991.0,28600.0,1665.0,,9.28,495.0,16340.0,11.2,1995.0,,19840.0,1355.0,38620.0,,,13320.0,,2500.0,27020.0,,,1265.0,2670.0,,29000.0,,5300.0,9750.0,29000.0,23000.0,,29980.0,18400.0,37560.0,,,,8060.0,,,,13800.0
2017-11-01,,,,67160.0,12250.0,4800.0,10600.0,,181.25,,,,,1020.0,29120.0,1750.0,,8.55,509.0,16380.0,10.0,2070.0,,20480.0,1300.0,39000.0,,,13800.0,,2535.0,27460.0,,,1235.0,2900.0,,29200.0,,5300.0,9500.0,29200.0,23380.0,,29000.0,18560.0,37820.0,,,,7950.0,,,,13800.0
2017-12-01,,,,67460.0,12900.0,4760.0,11520.0,,187.375,,,,,990.0,29200.0,2210.0,,8.95,457.0,16560.0,9.8,2015.0,,20880.0,1300.0,40300.0,,,14200.0,,2530.0,27820.0,9.0,,1290.0,2950.0,,29920.0,,5300.0,10200.0,29920.0,23500.0,,29940.0,19180.0,39000.0,,,,7960.0,,,,14200.0
2018-01-01,,,,66700.0,13400.0,4680.0,11300.0,,203.25,,,,,1000.0,26880.0,2660.0,,8.51,473.0,17880.0,9.34,2030.0,,20640.0,1245.0,40120.0,,,14300.0,,2450.0,27040.0,12.0,,1275.0,2855.0,,32460.0,,5300.0,9520.0,32460.0,23000.0,,31880.0,18120.0,38240.0,,,,7110.0,,,,14100.0
2018-02-01,,2100.0,,66020.0,12550.0,4545.0,10440.0,,188.5,,,,,987.0,24240.0,2510.0,,8.01,431.0,16780.0,9.0,2030.0,,19320.0,1255.0,38420.0,,,13700.0,,2400.0,27000.0,,,1240.0,3315.0,,30180.0,,5300.0,8620.0,30180.0,22300.0,,29700.0,16540.0,35540.0,,,,7400.0,,,,13300.0
2018-03-01,,,,67920.0,11350.0,4515.0,9690.0,,188.875,,,,1015.0,967.0,23800.0,2615.0,,8.0,400.0,16480.0,8.1,2030.0,,18820.0,1160.0,37280.0,,,13320.0,,2400.0,25980.0,,,1165.0,2990.0,,29280.0,,5300.0,8430.0,29280.0,20220.0,,30120.0,16400.0,35600.0,,,,7690.0,,,,12900.0
2018-04-01,,,,69500.0,11250.0,4630.0,9930.0,,207.5,,,,,960.0,24160.0,3100.0,,7.4,413.0,16960.0,8.11,2060.0,,20000.0,1245.0,38980.0,,,14480.0,,2300.0,27200.0,,,1235.0,2920.0,,33300.0,,,8250.0,33300.0,21000.0,,33760.0,16600.0,36500.0,,,,7400.0,,,,12480.0
2018-05-01,,,,69980.0,11000.0,4600.0,9200.0,,207.0,,,,,789.0,25140.0,3090.0,,7.5,400.0,16500.0,7.11,2070.0,52500.0,19420.0,1240.0,37120.0,,,14160.0,,2310.0,25820.0,,,1245.0,2785.0,,33500.0,,5300.0,8100.0,33500.0,21000.0,,34460.0,17000.0,35300.0,,,,7790.0,,,,12480.0
2018-06-01,,2665.0,,68100.0,11280.0,4645.0,9800.0,,220.75,,,,,789.0,25380.0,3025.0,,7.5,388.0,16200.0,7.12,2040.0,53000.0,19860.0,1210.0,37600.0,,,14500.0,,2340.0,27000.0,12.1,,1230.0,2355.0,,35720.0,,5300.0,8600.0,35720.0,20200.0,,37000.0,17800.0,35740.0,,,,7710.0,,,,12000.0
2018-07-01,,2300.0,,68500.0,11960.0,4490.0,9200.0,,209.125,,,,,702.0,23760.0,3070.0,,8.0,387.0,16240.0,7.2,2010.0,53000.0,19400.0,1150.0,36100.0,,,14200.0,,2390.0,26940.0,14.0,,1145.0,2400.0,,33200.0,,5300.0,8000.0,33200.0,20000.0,,35700.0,17400.0,34780.0,,,,7140.0,,,,10100.0
2018-08-01,,,,69000.0,11740.0,4525.0,9020.0,,205.0,,,,,423.0,24180.0,3420.0,,7.49,340.0,15860.0,7.0,2045.0,52820.0,19100.0,1195.0,36000.0,,,13520.0,,2215.0,26680.0,13.2,,1200.0,2130.0,,33200.0,,5300.0,7700.0,33200.0,20500.0,,35500.0,17700.0,35340.0,,,,7040.0,,,,9600.0
2018-09-01,,,,66520.0,11900.0,4340.0,7700.0,,199.375,,,,,365.0,22000.0,4030.0,,7.4,334.0,14580.0,6.8,2005.0,52500.0,16300.0,1145.0,34760.0,,,13380.0,,2060.0,24200.0,,,1165.0,2115.0,,31300.0,,5300.0,6500.0,31300.0,18000.0,,34200.0,14480.0,34000.0,,,,6840.0,,,,9400.0
2018-10-01,,,,64020.0,13000.0,3980.0,7020.0,,189.25,,,,,275.0,19700.0,3740.0,,6.5,253.0,13900.0,6.8,1855.0,52500.0,15000.0,1100.0,31400.0,,,11960.0,,1995.0,22300.0,,,1130.0,1975.0,,30100.0,,5300.0,5800.0,30100.0,18000.0,,31000.0,13000.0,29400.0,,,,5230.0,,,,9800.0
2018-11-01,,2200.0,,59400.0,11640.0,4000.0,7000.0,,201.125,,,,,309.0,18700.0,3105.0,,6.89,284.0,13320.0,5.53,1845.0,52280.0,16180.0,1010.0,32300.0,,,12940.0,,2000.0,24300.0,,,1035.0,2075.0,,32220.0,,5300.0,6030.0,32220.0,16500.0,,32520.0,13380.0,30580.0,,,,5260.0,,,,9340.0
2018-12-01,,,,55800.0,11980.0,4000.0,6960.0,,190.0,,,,,368.0,16400.0,2645.0,,7.0,251.0,12400.0,6.0,1770.0,51000.0,16900.0,925.0,32120.0,,,13980.0,,2045.0,23500.0,,,999.0,1660.0,,31400.0,,5300.0,5850.0,31400.0,14500.0,,30920.0,14500.0,31080.0,,,,5380.0,,,,9600.0
2019-01-01,,,,59800.0,11640.0,4285.0,8080.0,,208.375,,,,,365.0,19000.0,2920.0,,7.51,248.0,14100.0,6.0,1910.0,52000.0,18560.0,1080.0,34480.0,,,13920.0,,2010.0,26540.0,,,1070.0,1720.0,,34360.0,,5300.0,6700.0,34360.0,17980.0,,35640.0,15500.0,33080.0,,,,5600.0,,,,9500.0
2019-02-01,,,,63120.0,10800.0,4400.0,8130.0,,224.875,,,,,307.0,24500.0,3120.0,,7.57,216.0,14600.0,7.52,2040.0,51500.0,17920.0,1160.0,35000.0,,,13980.0,,1800.0,26100.0,,,1175.0,1860.0,,37120.0,,5300.0,6600.0,37120.0,21000.0,,37740.0,14840.0,33040.0,,,,5400.0,,,,9560.0
2019-03-01,,,,66000.0,12060.0,4430.0,7880.0,,247.5,,,,,470.0,26500.0,3415.0,,8.0,286.0,14520.0,7.11,2075.0,51380.0,18100.0,1220.0,36640.0,,,15960.0,,2200.0,25780.0,,,1235.0,1675.0,,40400.0,,5300.0,6550.0,40400.0,22120.0,,37400.0,14800.0,34400.0,,,,5390.0,,,,10400.0
2019-04-01,,,,68880.0,12500.0,4480.0,8070.0,,246.25,,,,,485.0,25160.0,2985.0,,7.7,254.0,14500.0,6.72,2230.0,52000.0,18400.0,1240.0,36000.0,,,15820.0,,2300.0,26800.0,,,1245.0,1470.0,,40900.0,,,6600.0,40900.0,22220.0,,40000.0,15400.0,34860.0,,,,6000.0,,,,10680.0
2019-05-01,,,,66000.0,12140.0,4240.0,7290.0,,233.75,,,,,482.0,23340.0,2765.0,,7.7,234.0,14100.0,6.0,2120.0,51900.0,17320.0,1160.0,33260.0,,,16200.0,,2340.0,24880.0,,,1175.0,1560.0,,39500.0,,,6100.0,39500.0,20000.0,,38160.0,14380.0,30300.0,,,,6000.0,,,,10700.0
2019-06-01,,,,67220.0,12560.0,4345.0,7500.0,,241.5,,,,1650.0,505.0,24900.0,2920.0,,8.0,250.0,16680.0,6.0,2110.0,52980.0,17300.0,1295.0,34100.0,,,17860.0,,2670.0,25020.0,,,1285.0,1535.0,,40800.0,,5300.0,6250.0,40800.0,21960.0,,40480.0,14080.0,31640.0,,,,6000.0,,,,10900.0
2019-07-01,,,,71500.0,12060.0,4450.0,7690.0,,245.625,,,,,504.0,27020.0,2940.0,,8.5,242.0,17400.0,5.98,2100.0,63020.0,16820.0,1250.0,34500.0,,,17800.0,,3100.0,25120.0,,,1265.0,1600.0,,41260.0,,,6450.0,41260.0,22560.0,,41140.0,13760.0,31800.0,,,,7100.0,,,,11300.0
2019-08-01,,,,71000.0,12020.0,4290.0,7680.0,,247.375,,,,1950.0,515.0,26300.0,2740.0,,8.1,234.0,17580.0,5.7,2115.0,62000.0,18000.0,1255.0,33500.0,,,18180.0,,3100.0,25840.0,,,1285.0,1110.0,,42740.0,,,6400.0,42740.0,22000.0,,41640.0,13900.0,30920.0,,,,7180.0,,,,11000.0
2019-09-01,,,,80400.0,11500.0,4350.0,7440.0,,246.875,,,,,490.0,28040.0,2950.0,,8.5,229.0,17620.0,5.33,2185.0,75800.0,17060.0,1285.0,33000.0,,,18240.0,,3350.0,25340.0,,,1300.0,1520.0,,43000.0,,,6200.0,43000.0,23120.0,,42500.0,13560.0,29380.0,,,,8180.0,,,,10700.0
2019-10-01,,,,87020.0,10800.0,4350.0,7630.0,,256.875,,,,1105.0,420.0,29100.0,3040.0,,10.3,240.0,17900.0,5.95,2175.0,72000.0,18300.0,1340.0,34200.0,,,19500.0,,3355.0,25640.0,,,1385.0,1870.0,,44120.0,,5300.0,5800.0,44120.0,24360.0,,43200.0,13960.0,30980.0,,,,7990.0,,,,10700.0
2019-11-01,,,,86500.0,12340.0,4415.0,6200.0,,260.5,,,,,448.0,29460.0,3290.0,,10.2,241.0,14000.0,5.0,2195.0,70000.0,17560.0,1380.0,32400.0,,,18980.0,,3200.0,25900.0,,,1415.0,1780.0,,43340.0,,,5340.0,43340.0,24480.0,,44000.0,13340.0,27140.0,,,,8000.0,,,,10300.0
2019-12-01,,,,85140.0,11600.0,4410.0,7300.0,,275.0,,,,,454.0,30800.0,3315.0,,9.91,259.0,13880.0,5.0,2220.0,77000.0,17800.0,1465.0,34000.0,,,19600.0,,3250.0,25400.0,,,1460.0,1835.0,,45800.0,,,5680.0,45800.0,25500.0,,45980.0,13500.0,29300.0,,,,8000.0,,,,10000.0
2020-01-01,,,,89000.0,11000.0,4535.0,6500.0,,265.25,,,,,476.0,32500.0,3180.0,,11.1,258.0,13800.0,5.58,2395.0,78500.0,17480.0,1420.0,32000.0,,,18800.0,,3060.0,24760.0,,,1450.0,2015.0,,44700.0,,5300.0,5170.0,44700.0,26100.0,,45980.0,13000.0,27900.0,,,,7400.0,,,,10300.0
2020-02-01,,,,86040.0,10360.0,4500.0,5300.0,,243.75,,,,,476.0,32200.0,3105.0,,10.9,246.0,15760.0,4.96,2410.0,82000.0,15000.0,1425.0,30500.0,,,18600.0,,3445.0,23420.0,,,1450.0,1640.0,,42080.0,,5300.0,4570.0,42080.0,27500.0,,42000.0,12500.0,26400.0,,,,8150.0,,,,10500.0
2020-03-01,,,,71000.0,8840.0,4290.0,4090.0,,150.625,,,,,330.0,25780.0,1900.0,,10.0,177.0,12080.0,4.71,2250.0,59000.0,12320.0,1100.0,20020.0,,,15480.0,,2700.0,19100.0,,,897.0,500.0,,27500.0,,,3490.0,27500.0,22600.0,,30500.0,9420.0,16780.0,,,,7000.0,,,,8000.0
2020-04-01,,,,64000.0,9370.0,4200.0,3895.0,,158.25,,,,,415.0,25800.0,2090.0,,8.1,218.0,11700.0,4.45,2240.0,58100.0,9220.0,1110.0,21520.0,,,18200.0,,3070.0,22060.0,,,845.0,503.0,,25880.0,,,3200.0,25880.0,21700.0,,28720.0,8100.0,18880.0,,,,6990.0,,,,7400.0
2020-05-01,,,,58000.0,10220.0,4080.0,3500.0,,156.25,,,,,342.0,26000.0,1990.0,,8.0,190.0,10000.0,4.45,2180.0,57000.0,8700.0,,18200.0,,,19600.0,,3360.0,22160.0,,,841.0,98.5,,24600.0,,,2855.0,24600.0,19900.0,,24500.0,7700.0,15160.0,,,,6900.0,,,,6700.0
2020-06-01,,,,60520.0,10700.0,4115.0,3400.0,,150.0,,,,,358.0,27780.0,2075.0,,7.6,213.0,10000.0,4.21,2335.0,63940.0,9900.0,935.0,18640.0,,,18800.0,,3295.0,20900.0,7.97,,830.0,200.0,,24700.0,,,2980.0,24700.0,22980.0,,28000.0,7650.0,15880.0,,,,6500.0,,,,6550.0
2020-07-01,,,,62080.0,11000.0,4205.0,3660.0,,167.5,,,,,383.0,24900.0,2080.0,,8.0,200.0,10300.0,4.96,2290.0,65480.0,10200.0,900.0,19400.0,,,19200.0,,3800.0,20200.0,,,870.0,185.0,,26500.0,,,3165.0,26500.0,22400.0,,27600.0,7740.0,16320.0,,,,6520.0,,,,6990.0
2020-08-01,,,,69000.0,10700.0,4640.0,5000.0,,162.5,,,,,362.0,27100.0,2190.0,,7.5,212.0,11300.0,5.2,2460.0,65100.0,11920.0,930.0,21000.0,,,20940.0,,3850.0,22000.0,,,935.0,240.0,,26720.0,,,3730.0,26720.0,21680.0,,28980.0,8800.0,18000.0,,,,7010.0,,,,7730.0
2020-09-01,,,,69000.0,11500.0,4620.0,4630.0,,151.75,,,,,350.0,26600.0,1895.0,,7.3,211.0,11200.0,4.03,2450.0,63000.0,11600.0,891.0,20620.0,,,20380.0,,3600.0,22660.0,,,898.0,200.0,,24700.0,,,3865.0,24700.0,21400.0,,27400.0,9920.0,18500.0,,,,7380.0,,,,8140.0
2020-10-01,,,,68040.0,10200.0,4206.0,4555.0,,153.125,,,,,322.0,26000.0,1791.0,,,199.9,10720.0,,2400.0,61000.0,10620.0,865.0,20100.0,,,20860.0,,3600.0,21340.0,,,890.0,158.0,,24500.0,,,3710.0,24500.0,20520.0,,25130.0,8600.0,16710.0,,,,6715.0,,,,7995.0
2020-11-01,,,,70510.0,11150.0,4500.0,4980.0,,173.0,,,,,370.0,29000.0,2081.0,,7.29,210.0,12800.0,4.95,2560.0,62520.0,12000.0,1010.0,21400.0,,,22700.0,,3700.0,23260.0,7.97,,1040.0,150.0,,27890.0,,,3961.0,27890.0,24580.0,,28100.0,9300.0,18000.0,,,,7500.0,,,,8500.0
2020-12-01,,,,75600.0,11880.0,4738.0,6180.0,,218.625,,,,,439.0,32400.0,2245.0,,11.75,217.0,13890.0,4.65,2650.0,67000.0,13900.0,1155.0,25280.0,,,25700.0,,4167.0,24000.0,,,1194.0,199.0,,35100.0,,,4500.0,35100.0,26190.0,,36400.0,10500.0,22000.0,,,,8400.0,,,,8600.0
2021-01-01,,,,83400.0,12350.0,4800.0,5840.0,,191.25,,,,,480.0,32220.0,2030.0,,11.4,210.0,13520.0,4.8,2611.0,65000.0,13300.0,1131.0,22700.0,,,23060.0,,4299.0,24400.0,7.97,,1158.0,174.8,,31520.0,,,4400.0,31520.0,26000.0,,33700.0,10300.0,20500.0,,,,7600.0,,,,7800.0
2021-02-01,,,,79010.0,11770.0,4701.0,5770.0,,196.25,,,,1105.0,504.3,32540.0,2250.0,,13.0,226.0,13650.0,4.6,2580.0,63800.0,13300.0,1175.0,23670.0,,,23800.0,,4070.0,23690.0,7.97,,1188.0,157.0,,31000.0,,5300.0,4230.0,31000.0,26700.0,,31490.0,9810.0,19900.0,,,,7700.0,,,,7820.0
2021-03-01,,,,78000.0,12010.0,4651.0,5150.0,,179.6875,,,,1105.0,475.0,32730.0,2366.0,,15.4,221.0,13680.0,4.5,2690.0,65000.0,11780.0,1188.0,21700.0,,,22500.0,,4430.0,23170.0,,,1144.0,160.0,,29180.0,,,4080.0,29180.0,27000.0,,29850.0,9500.0,18940.0,,,,7500.0,,,,7750.0
2021-04-01,,,,78500.0,11950.0,4310.0,5130.0,,174.5,,,,,390.0,32020.0,2210.0,,15.13,218.0,11670.0,4.5,2610.0,72190.0,10590.0,1160.0,19160.0,,,21380.0,,4130.0,21500.0,7.97,,1105.0,118.0,,28000.0,,,3840.0,28000.0,26750.0,,29310.0,8705.0,16940.0,,,,7420.0,,,,7565.0
2021-05-01,,,,70000.0,11400.0,4176.0,5070.0,,168.75,,,,,380.0,28230.0,2190.0,,15.0,208.0,12000.0,5.09,2329.0,76490.0,10100.0,1040.0,20020.0,,,20020.0,,4086.0,21600.0,7.97,,1078.0,150.0,,27600.0,,,3691.0,27600.0,23060.0,,29000.0,8000.0,17600.0,,,,6600.0,,,,7350.0
2021-06-01,,,,69800.0,11250.0,4250.0,5350.0,,165.0,,,,1105.0,350.0,29200.0,2722.0,,14.6,208.9,13600.0,4.21,2571.0,70000.0,10000.0,1139.0,18500.0,,,22150.0,,4029.0,21880.0,7.97,,1083.0,282.0,,26820.0,,,3740.0,26820.0,23300.0,,27540.0,8020.0,16520.0,,,,6755.0,,,,7200.0
2021-07-01,,,,68290.0,10500.0,4042.0,5595.0,,169.375,,,,,364.9,29280.0,2633.0,,14.0,194.0,12860.0,4.41,2529.0,68000.0,10090.0,1020.0,17300.0,,,21820.0,,3695.0,20700.0,,,1024.0,259.9,,27800.0,,,3894.0,27800.0,23200.0,,28700.0,8050.0,16280.0,,,,6705.0,,,,6940.0
2021-08-01,,,,70500.0,9825.0,4310.0,5900.0,,194.1875,,,,,395.0,28560.0,2643.0,,17.0,202.0,12440.0,6.05,2695.0,67100.0,10940.0,1096.0,19200.0,,,22700.0,,3745.0,21680.0,,,1120.0,218.0,,31400.0,,,4200.0,31400.0,22210.0,,32600.0,8020.0,17850.0,,,,7025.0,,,,7650.0
2021-09-01,,,,72220.0,9700.0,4229.0,5895.0,,206.0,,,,1105.0,332.0,28800.0,2734.0,,23.55,200.0,11650.0,6.2,2816.0,68950.0,11160.0,1090.0,21400.0,,,22700.0,,3770.0,21660.0,,,1119.0,65.0,,33000.0,,,4070.0,33000.0,22910.0,,33400.0,8300.0,18420.0,,,,7300.0,,,,8000.0
2021-10-01,,,,75900.0,9810.0,4284.0,6350.0,,210.5,,,,,298.1,29670.0,2847.0,,24.75,201.0,11700.0,7.0,2720.0,67530.0,11800.0,1136.0,21950.0,,,22610.0,,4025.0,22010.0,,,1150.0,42.5,,33800.0,,,4397.0,33800.0,23700.0,,33910.0,8600.0,18890.0,,,,7370.0,,,,8790.0
2021-11-01,,,,70500.0,9600.0,4051.0,6010.0,,202.3125,,,,,225.0,28780.0,2600.0,,22.2,194.8,11420.0,7.44,2634.0,73600.0,12600.0,1120.0,25150.0,,,22300.0,,3690.0,29050.0,11.0,,1050.0,,,32400.0,,,4230.0,32400.0,23520.0,,31000.0,8815.0,19920.0,,,,7300.0,,,,8370.0
2021-12-01,,,,70200.0,9875.0,4184.0,6110.0,,216.875,,,,,290.0,28600.0,2690.0,,20.42,190.0,11490.0,8.0,2500.0,76750.0,13550.0,1054.0,30000.0,,,22400.0,,3635.0,28640.0,13.99,,1059.0,,,32000.0,,,4160.0,32000.0,23200.0,,31800.0,9300.0,22250.0,,,,7100.0,,,,10340.0
2022-01-01,,,,76800.0,10930.0,4387.0,6480.0,,246.875,,,,,355.0,29770.0,2905.0,,27.18,189.9,11950.0,9.75,2620.0,88890.0,16140.0,1124.0,27250.0,,,23600.0,,3750.0,33600.0,6.63,,1127.0,,,35240.0,,,4602.0,35240.0,24300.0,,33300.0,11800.0,28740.0,,,,7360.0,,,,11180.0
2022-02-01,,,,72190.0,10000.0,4180.0,6070.0,,244.0,,,,,327.0,27700.0,3263.0,,26.2,180.0,15100.0,9.88,2450.0,80010.0,12900.0,1065.0,31950.0,,,24300.0,,3620.0,44220.0,7.0,,1060.0,,,34800.0,,,4199.0,34800.0,22810.0,,32000.0,9690.0,23050.0,,,,7210.0,,,,11390.0
2022-03-01,,,,49650.0,9400.0,4360.0,6230.0,,271.125,,,,,317.2,28080.0,3538.0,,24.0,181.0,16950.0,10.0,2470.0,85000.0,13880.0,964.8,35620.0,,,24300.0,,3442.0,45800.0,7.19,,851.6,,,40310.0,,,4100.0,40310.0,22850.0,,32950.0,9400.0,22300.0,,,,7200.0,,,,10450.0
2022-04-01,,,,50470.0,9545.0,4270.0,6005.0,,242.625,,,,,310.0,29000.0,3206.0,,24.0,177.0,16250.0,8.65,2520.0,93000.0,14400.0,843.0,40100.0,,,21760.0,,3245.0,48500.0,,,850.0,,,38400.0,,,3930.0,38400.0,23860.0,,33200.0,9060.0,21910.0,,,,6965.0,,,,9380.0
2022-05-01,,,,56920.0,10030.0,4400.0,5500.0,,283.25,,,,,300.0,25600.0,3120.0,,22.8,152.5,12870.0,8.5,2420.0,88060.0,13540.0,833.0,44550.0,,,23780.0,,2903.0,37000.0,9.0,,845.0,,,42300.0,,,3695.0,42300.0,20040.0,,36550.0,9200.0,22300.0,,,,6985.0,,,,9380.0
2022-06-01,,,,46000.0,8980.0,3800.0,4640.0,,209.625,,,,,270.0,20500.0,2253.0,,20.1,170.0,11080.0,6.5,1998.0,69980.0,15060.0,757.0,39400.0,,,20500.0,,2360.0,39600.0,8.5,,750.0,,,31700.0,,,3092.0,31700.0,16500.0,,33700.0,7390.0,16500.0,,,,6250.0,,,,8000.0
2022-07-01,,,,41500.0,8610.0,3540.0,3900.0,,224.9375,,,,,270.0,19600.0,2280.0,,20.1,169.0,10200.0,7.0,1901.0,61500.0,12100.0,750.2,40000.0,,,20600.0,,2200.0,39900.0,8.5,,740.0,,,31620.0,,,2900.0,31620.0,16000.0,,30620.0,7700.0,15400.0,,,,5850.0,,,,7900.0
2022-08-01,,,,40000.0,8290.0,3298.0,3489.0,,213.75,,,,,250.0,19500.0,2257.0,,19.0,148.1,10800.0,7.0,1900.0,51000.0,9750.0,690.7,37000.0,,,19170.0,,2080.0,37000.0,,51600.0,665.0,,,30580.0,,5300.0,2355.0,30580.0,15850.0,,31000.0,6630.0,15520.0,,,,4750.0,,,,7840.0
2022-09-01,,,,28540.0,7710.0,2813.0,3380.0,,194.375,,,,,248.9,16700.0,2074.0,,25.5,144.0,10200.0,6.0,1871.0,48970.0,9810.0,659.0,37500.0,,,16500.0,,1795.0,36980.0,8.5,44150.0,580.0,,,28020.0,,,2280.0,28020.0,13500.0,,29990.0,6000.0,12800.0,,,,4180.0,,,,8095.0
2022-10-01,,,,26000.0,7900.0,2775.0,3330.0,,221.875,,,,,228.0,16100.0,2450.0,,31.5,118.0,11000.0,7.0,1647.0,56200.0,10250.0,580.0,39810.0,,,19270.0,,1680.0,53010.0,7.5,38640.0,540.0,,,31250.0,,,2220.0,31250.0,12700.0,,26000.0,5900.0,13660.0,,,,4350.0,,,,8030.0
2022-11-01,,,,32000.0,7780.0,2925.0,3503.0,,250.0,,,,,228.0,15820.0,2290.0,,30.0,120.0,3620.0,6.4,1800.0,62200.0,9900.0,580.0,38050.0,,,19500.0,,1710.0,43900.0,,35080.0,558.0,,,31990.0,,,2570.0,31990.0,13000.0,,26200.0,6240.0,13000.0,,,,4700.0,,,,8140.0
2022-12-01,,,,37000.0,6985.0,2780.0,3600.0,,265.625,,,,,240.0,15000.0,2420.0,,25.3,108.0,3400.0,6.8,1683.0,61000.0,9490.0,530.0,42000.0,,,21000.0,,1850.0,44500.0,,35780.0,570.0,,,33550.0,,,2540.0,33550.0,12900.0,,27560.0,6350.0,13200.0,,,,4560.0,,,,8030.0
2023-01-01,,,,35420.0,7250.0,2600.0,3213.0,,262.4375,,,,,221.0,16000.0,2669.0,,25.3,119.0,3800.0,6.0,1570.0,61000.0,9365.0,560.0,40900.0,,,19040.0,,2290.0,45800.0,,34600.0,573.0,,,35490.0,,5300.0,2295.0,35490.0,13400.0,,25500.0,5500.0,12280.0,,,,4550.0,,,,8180.0
2023-02-01,,,,27860.0,7200.0,2422.0,3012.0,,224.375,,,,1000.0,170.0,10500.0,2698.0,,21.5,,4070.0,,1400.0,57980.0,9700.0,530.0,36600.0,,,17210.0,,1852.0,50800.0,7.51,26600.0,540.0,,,30820.0,,,2140.0,30820.0,10000.0,,25000.0,5550.0,9600.0,,,,4344.0,,,,7830.0
2023-03-01,,,,32420.0,10130.0,2900.0,3018.0,,218.6875,,,,,203.4,11480.0,2450.0,,23.4,114.0,4100.0,5.5,1535.0,61000.0,9090.0,555.0,40450.0,,,15150.0,,2002.0,50000.0,,24270.0,558.9,,,29180.0,,,2370.0,29180.0,10060.0,,24100.0,5920.0,11290.0,,,,4200.0,,,,7650.0
2023-04-01,,,,34200.0,10050.0,2920.0,3090.0,,225.0,,,,,250.0,13290.0,2288.0,,21.99,105.0,4118.0,5.0,1800.0,62900.0,8850.0,560.0,42090.0,,,18200.0,,2000.0,60290.0,,33700.0,588.0,,,29100.0,,,2349.0,29100.0,12200.0,,21100.0,5675.0,11600.0,,,,4270.0,,,,7610.0
2023-05-01,,,,33800.0,10250.0,2700.0,3180.0,,173.75,,,,,235.0,14400.0,2036.0,,20.0,85.0,4178.0,4.99,1770.0,70100.0,9600.0,458.1,38900.0,,,17600.0,,1950.0,50830.0,,31500.0,480.0,,,25960.0,,,2190.0,25960.0,11000.0,,17710.0,6085.0,14150.0,,,,4000.0,,,,7400.0
2023-06-01,,,,32550.0,9470.0,2680.0,3400.0,,193.75,,,,,238.0,14850.0,2140.0,,20.49,90.0,4196.0,,1825.0,70010.0,9650.0,476.9,36000.0,,,16890.0,,1850.0,52430.0,,39500.0,486.0,,,27990.0,,,2272.0,27990.0,11530.0,,19610.0,6010.0,12950.0,,,,4400.0,,,,7000.0
2023-07-01,,,,30500.0,9400.0,2640.0,3540.0,,208.625,,,,,259.5,15360.0,2292.0,,19.5,84.9,4539.0,,1765.0,67500.0,9675.0,,37000.0,,,17170.0,,1910.0,50800.0,6.75,39490.0,506.0,,,29940.0,,,2283.0,29940.0,12900.0,,19850.0,6250.0,13910.0,,,,4704.0,,,,7315.0
2023-08-01,,,,25650.0,9000.0,2450.0,2902.0,,181.875,,,,,230.0,11750.0,2357.0,,18.2,85.0,3030.0,4.53,1616.0,59090.0,8060.0,472.0,31000.0,,,14980.0,,1871.0,49810.0,7.0,43380.0,510.0,,,27200.0,,,2020.0,27200.0,11150.0,,18380.0,5370.0,12500.0,,,,4410.0,,,,7000.0
2023-09-01,,,,25200.0,9000.0,2579.0,4910.0,,192.5625,,,,,230.0,13750.0,2365.0,,,,2830.0,,1747.0,53000.0,9350.0,484.0,31990.0,,,14920.0,,1799.0,49520.0,,49840.0,514.5,,,27080.0,,,3851.0,27080.0,10720.0,,17500.0,6615.0,12270.0,,,,4187.0,,,,6820.0
2023-10-01,,,,24900.0,9000.0,2396.0,4736.0,,183.4375,,,,,251.0,12620.0,2423.0,,,78.7,3580.0,,1665.0,50800.0,8920.0,498.7,32300.0,,,14500.0,,1748.0,49790.0,,51000.0,460.0,,,26400.0,,,3326.0,26400.0,11600.0,,16000.0,6500.0,12010.0,,,,4249.0,,,,6850.0
2023-11-01,,,,24500.0,11100.0,2400.0,5540.0,,188.875,,,,1000.0,230.0,11800.0,2535.0,,18.0,,3518.0,,1865.0,48800.0,10280.0,448.0,30000.0,,,15160.0,,1675.0,49000.0,,57980.0,440.0,,,27800.0,,,3945.0,27900.0,10420.0,,16000.0,7200.0,12300.0,,,,4120.0,,,,7140.0
2023-12-01,,,,27460.0,11500.0,2960.0,6110.0,,207.5,,,,,262.0,13500.0,2340.0,,17.0,95.0,3510.0,,1900.0,58980.0,12420.0,468.0,29000.0,,,15480.0,,1835.0,45000.0,,64300.0,485.0,,,29920.0,,,4500.0,29920.0,11300.0,,19180.0,8460.0,13500.0,,,,4600.0,,,,7750.0
2024-01-01,,,,31800.0,10420.0,3315.0,6400.0,,204.75,,,,,315.0,16500.0,2335.0,,16.0,106.0,3050.0,3.9,2275.0,62000.0,13720.0,506.0,32500.0,,,16860.0,,1920.0,44960.0,,64000.0,515.0,,,30680.0,,,5720.0,30680.0,13100.0,,21860.0,10300.0,16400.0,,,,5040.0,,,,7940.0
2024-02-01,,,,32480.0,9920.0,3750.0,6790.0,,205.875,,,,,306.0,14000.0,2290.0,,16.0,95.0,2500.0,3.0,2215.0,60200.0,13700.0,471.0,28960.0,,,16720.0,,2300.0,46700.0,7.0,68000.0,481.0,,,32080.0,,,5560.0,32080.0,12760.0,,20000.0,10100.0,16220.0,,,,5080.0,,,,8020.0
2024-03-01,,,,27000.0,9940.0,3935.0,8640.0,,214.25,,,,1500.0,280.0,13300.0,2075.0,,16.0,,2410.0,3.05,2370.0,65880.0,15380.0,430.0,30480.0,,,19780.0,,3100.0,45900.0,,68900.0,430.0,,,32880.0,,,7450.0,32880.0,13260.0,,20300.0,11280.0,18540.0,,,,5130.0,,,,7900.0
2024-04-01,,,,28300.0,10140.0,4125.0,8120.0,,211.25,,,,,300.0,14800.0,2280.0,,18.2,100.0,2290.0,,2435.0,67200.0,16120.0,463.0,39800.0,,,18100.0,,3050.0,36000.0,,64400.0,463.0,,,32100.0,,,7110.0,32100.0,15800.0,,21000.0,11600.0,23120.0,,,,6590.0,,,,8100.0
2024-05-01,,,,27540.0,10460.0,4300.0,8200.0,,224.375,,,,,318.0,15020.0,2360.0,,16.9,90.0,2270.0,3.0,2545.0,60100.0,16420.0,451.0,33000.0,,,19140.0,,3160.0,59100.0,,82000.0,450.0,,,34080.0,,,7000.0,34080.0,14880.0,,21000.0,11660.0,24000.0,,,,6900.0,,,,9300.0
2024-06-01,,,,26600.0,11180.0,4100.0,8330.0,,220.625,,,,,285.0,14260.0,2320.0,,15.8,95.0,2195.0,,2500.0,61820.0,16880.0,431.0,34400.0,,,18200.0,,3215.0,51800.0,,75100.0,433.0,,,34080.0,,,7800.0,34080.0,12920.0,,20000.0,11900.0,24420.0,,,,7100.0,,,,9000.0
2024-07-01,,,,25020.0,,3960.0,8350.0,,228.25,,,,,278.0,13200.0,2175.0,,16.0,81.5,2190.0,,2460.0,57500.0,16580.0,420.0,32400.0,,,17500.0,,3440.0,55000.0,,71480.0,425.0,,,33900.0,,,7650.0,33900.0,12220.0,,18200.0,11700.0,21500.0,,,,7220.0,,,,8750.0
2024-08-01,,,,29000.0,10680.0,4050.0,8320.0,,237.375,,,,,272.0,12680.0,2055.0,,15.0,,2290.0,,2530.0,63480.0,17000.0,413.0,32280.0,,,18160.0,,3380.0,59000.0,,72400.0,425.0,,,34780.0,,,7950.0,34780.0,11580.0,,17400.0,11840.0,21300.0,,,,7700.0,,,,9490.0
2024-09-01,,,,27720.0,9710.0,3915.0,7500.0,,226.5,,,,,270.0,12400.0,1880.0,,15.1,80.0,2190.0,,2480.0,62560.0,17600.0,413.0,29000.0,,,17080.0,,3520.0,69740.0,4.9,70180.0,420.0,,,33180.0,,,7750.0,33180.0,11440.0,,18980.0,11720.0,21260.0,,,,7700.0,,,,10000.0
2024-10-01,,,,28100.0,9880.0,3780.0,8590.0,,236.25,,,,,314.0,15080.0,1700.0,,15.2,80.0,2280.0,2.5,2530.0,60120.0,19400.0,430.0,35000.0,,,17580.0,,3655.0,80000.0,,68240.0,438.0,,,35420.0,,,7340.0,35420.0,14080.0,,18860.0,12880.0,23240.0,,,,7700.0,,,,10420.0
2024-11-01,,,,27480.0,9610.0,3590.0,9620.0,,241.125,,,,,308.0,15400.0,1800.0,,14.4,74.0,2105.0,,2580.0,60400.0,20020.0,457.0,36000.0,,,16800.0,,4220.0,79000.0,,69300.0,455.0,,,35980.0,,,9680.0,35980.0,14300.0,,18880.0,14000.0,23320.0,,,,7700.0,,,,11200.0
2024-12-01,,,,26860.0,9900.0,3680.0,10200.0,,235.0,,,,,486.0,14680.0,1675.0,,12.9,,2095.0,2.0,2440.0,60400.0,20600.0,447.0,37200.0,,,16700.0,,4255.0,79000.0,,69980.0,446.0,,,35180.0,,,11620.0,35180.0,14280.0,,17560.0,15440.0,26020.0,,,,7450.0,,,,11500.0
2025-01-01,,,,29500.0,11480.0,3720.0,10340.0,,269.375,,,,,644.0,17580.0,1960.0,,15.4,68.0,1850.0,1.8,2700.0,62000.0,19920.0,571.0,36200.0,,,18480.0,,4875.0,96700.0,,71000.0,549.0,,,41400.0,,,11100.0,41400.0,15640.0,,19460.0,14900.0,28640.0,,,,7070.0,,,,12000.0
2025-02-01,,,,30760.0,12000.0,3700.0,10000.0,,290.625,,,,,480.0,16240.0,2140.0,,17.0,59.0,1915.0,2.2,2860.0,74600.0,20500.0,561.0,42400.0,,,19380.0,,5500.0,123500.0,4.2,70020.0,553.0,,,42900.0,,,10580.0,41900.0,16620.0,,20200.0,15900.0,38620.0,,,,6700.0,,,,11100.0
2025-03-01,,,,30500.0,12600.0,3940.0,10240.0,,293.75,,,,,471.0,16340.0,2075.0,,17.6,46.5,1870.0,,2850.0,74880.0,20720.0,561.0,42500.0,,,19100.0,,5650.0,125000.0,,71000.0,563.0,,,42140.0,,,9840.0,42140.0,16900.0,,20500.0,16100.0,38300.0,,,,6700.0,,,,11180.0
2025-04-01,,,,30900.0,12640.0,4020.0,10720.0,,313.125,,,,,453.0,16560.0,1725.0,,17.9,51.0,1975.0,,2930.0,71000.0,21980.0,566.0,43000.0,,,21800.0,,6030.0,126600.0,,72060.0,574.0,,,43400.0,,,10540.0,43400.0,17280.0,,21900.0,16500.0,37680.0,,,,6700.0,,,,11100.0
2025-05-01,,,,32600.0,12000.0,4220.0,10440.0,,313.0,,,,,477.0,18500.0,1740.0,,17.3,57.0,2450.0,,2900.0,69900.0,21500.0,590.0,44900.0,,,19320.0,,7210.0,126500.0,,67500.0,582.0,,,42800.0,,,10500.0,42800.0,16360.0,,22720.0,16360.0,37300.0,,,,6700.0,,,,12280.0
2025-06-01,,,,32000.0,12180.0,4500.0,10300.0,,318.0,,,,,484.0,18040.0,1820.0,,18.7,55.0,2735.0,3.3,3020.0,71960.0,22080.0,580.0,48400.0,,,19780.0,,7200.0,129960.0,,68500.0,570.0,,,46160.0,,,10600.0,46160.0,15940.0,,22980.0,16540.0,37600.0,,,,6900.0,,,,12300.0
2025-07-01,,,,32300.0,12000.0,4700.0,10980.0,,317.0,,,,,476.0,17540.0,1755.0,,19.2,52.5,3090.0,,2950.0,72480.0,17000.0,582.0,46200.0,,,21000.0,,7560.0,130000.0,,70760.0,578.0,,,45800.0,,,11320.0,45800.0,15900.0,,22260.0,11700.0,37760.0,,,,6700.0,,,,13000.0
2025-08-01,,,,35120.0,12600.0,4790.0,9970.0,,,,,,,441.0,18280.0,1890.0,,19.5,50.0,3330.0,3.15,2950.0,76140.0,17280.0,645.0,46360.0,,,21800.0,,10200.0,149480.0,,70200.0,665.0,,,50300.0,,,10900.0,50300.0,16820.0,,24200.0,10880.0,35640.0,,,,6740.0,,,,14480.0
2025-09-01,,,,34520.0,12520.0,4700.0,10600.0,,34760.0,,,,,438.0,17380.0,1790.0,,21.0,50.0,3220.0,4.06,2930.0,78340.0,17740.0,650.0,43600.0,,,23360.0,,12580.0,174000.0,,77900.0,655.0,,,51060.0,,,12420.0,51060.0,16520.0,,24520.0,11500.0,35500.0,,,,6650.0,,,,15300.0
2025-10-01,,,,38100.0,13640.0,4890.0,10320.0,,62500.0,,,,,440.0,18220.0,1780.0,,21.0,50.0,3700.0,3.5,3150.0,86480.0,17400.0,769.0,46860.0,,,25000.0,,13600.0,272960.0,,80000.0,777.0,,,56300.0,,,12060.0,52940.0,17280.0,,27820.0,12080.0,40900.0,,,,6430.0,,,,16460.0
2025-11-01,,,,38500.0,13800.0,4945.0,10800.0,,64000.0,,,,,455.0,18600.0,1880.0,,20.0,46.5,4600.0,4.65,3235.0,89100.0,17700.0,750.0,55160.0,,,25200.0,,15000.0,262980.0,,77400.0,767.0,,,58980.0,,,13340.0,,17400.0,,26500.0,13380.0,45080.0,,,,6300.0,,,,16840.0
2025-12-01,,,,39780.0,14500.0,4900.0,10760.0,,69200.0,,,,,437.0,18260.0,1870.0,,20.3,,4255.0,4.8,2970.0,87000.0,16980.0,757.0,54000.0,,,24660.0,,15300.0,281600.0,,79960.0,770.0,,,59820.0,,,,,17020.0,,24820.0,12820.0,42540.0,,,,6340.0,,,,18700.0
2026-01-01,,,,42900.0,16900.0,5260.0,13820.0,,83500.0,,,,,459.0,20200.0,2300.0,,19.9,50.0,5100.0,4.8,3275.0,98200.0,18740.0,890.0,62500.0,,,30300.0,,19180.0,304500.0,,76460.0,895.0,,,75500.0,,,13340.0,,19380.0,,28100.0,14580.0,52100.0,,,,6880.0,,,,19840.0
2026-02-01,,,,41500.0,17000.0,4835.0,11900.0,,82020.0,,,,,433.0,17200.0,2240.0,,18.0,49.8,4085.0,4.65,2790.0,88520.0,16500.0,825.0,54200.0,,,27500.0,,20280.0,306600.0,,67940.0,746.0,,,63620.0,,,13500.0,,18500.0,,28240.0,13300.0,46000.0,,,,6400.0,,,,19860.0
2026-03-01,,,,37360.0,17440.0,5300.0,11740.0,,84900.0,,,,,470.0,16160.0,2800.0,,17.9,50.0,4200.0,3.7,2960.0,84380.0,16700.0,776.0,49800.0,,,28000.0,,13200.0,304000.0,,66000.0,800.0,,,67500.0,,,12900.0,67500.0,17400.0,,23520.0,13100.0,42000.0,,,,6550.0,,,,17560.0
2026-04-01,,,,37960.0,15040.0,4990.0,11900.0,,75440.0,,,,,430.0,15500.0,2600.0,,17.0,53.0,4200.0,4.4,3045.0,76980.0,15800.0,780.0,51260.0,,,28140.0,,13600.0,306900.0,4.1,61000.0,805.0,,,62460.0,,,13300.0,62460.0,17400.0,,23020.0,12180.0,40480.0,,,,6320.0,,,,17680.0
2026-05-01,,,,,15000.0,5090.0,12060.0,,,,,,,,,,,,,,,,,,,,,,,,,,,,,,,61300.0,,,,,,,,,,,,,,,,,
2026-06-01,,,,,,,,,,,,,,,,,,,,,,,,,,,,,,,,,,,,,,,,,,,,,,,,,,,,,,,
2026-07-01,,,,,,,,,,,,,,,,,,,,,,,,,,,,,,,,,,,,,,,,,,,,,,,,,,,,,,,
2026-08-01,,,,,,,,,,,,,,,,,,,,,,,,,,,,,,,,,,,,,,,,,,,,,,,,,,,,,,,
2026-09-01,,,,,,,,,,,,,,,,,,,,,,,,,,,,,,,,,,,,,,,,,,,,,,,,,,,,,,,
2026-10-01,,,,,,,,,,,,,,,,,,,,,,,,,,,,,,,,,,,,,,,,,,,,,,,,,,,,,,,
2026-11-01,,,,,,,,,,,,,,,,,,,,,,,,,,,,,,,,,,,,,,,,,,,,,,,,,,,,,,,
2026-12-01,,,,,,,,,,,,,,,,,,,,,,,,,,,,,,,,,,,,,,,,,,,,,,,,,,,,,,,
